index,index_in_dataset,t_lava_vae_forward_gradient,t_lava_vae_bp_gradient,t_lava_vae_vanilla,t_lava_cae_forward_gradient,t_lava_cae_bp_gradient,t_lava_cae_vanilla,t_lava_cvae_forward_gradient,t_lava_cvae_bp_gradient,t_lava_cvae_vanilla,kl_lava_vae_forward_gradient,kl_lava_vae_bp_gradient,kl_lava_vae_vanilla,kl_lava_cae_forward_gradient,kl_lava_cae_bp_gradient,kl_lava_cae_vanilla,kl_lava_cvae_forward_gradient,kl_lava_cvae_bp_gradient,kl_lava_cvae_vanilla,ws_lava_vae_forward_gradient,ws_lava_vae_bp_gradient,ws_lava_vae_vanilla,ws_lava_cae_forward_gradient,ws_lava_cae_bp_gradient,ws_lava_cae_vanilla,ws_lava_cvae_forward_gradient,ws_lava_cvae_bp_gradient,ws_lava_cvae_vanilla,js_lava_vae_forward_gradient,js_lava_vae_bp_gradient,js_lava_vae_vanilla,js_lava_cae_forward_gradient,js_lava_cae_bp_gradient,js_lava_cae_vanilla,js_lava_cvae_forward_gradient,js_lava_cvae_bp_gradient,js_lava_cvae_vanilla,mse_lava_vae_forward_gradient,mse_lava_vae_bp_gradient,mse_lava_vae_vanilla,mse_lava_cae_forward_gradient,mse_lava_cae_bp_gradient,mse_lava_cae_vanilla,mse_lava_cvae_forward_gradient,mse_lava_cvae_bp_gradient,mse_lava_cvae_vanilla
0,8374,2.699491262435913,0.7733216285705566,0.6143920421600342,2.1792023181915283,1.0087361335754395,0.663933277130127,0.5903739929199219,0.4159412384033203,0.6941113471984863,,,,,0.6656915803776737,,-0.01769759791374756,0.6264062469971159,,,,,,0.00015346771605520082,,0.0023982257191005984,0.00029226854767963183,,,,,,0.38554349674287913,,0.40062485175249146,0.37233324325464706,,,,,,0.07114136919329082,,0.19721588635454182,0.07666028230124754,
5,9069,1.0393121242523193,0.5114197731018066,0.32036924362182617,1.383922815322876,0.40714502334594727,0.4513087272644043,0.4511265754699707,0.31036901473999023,0.6719849109649658,7.0945620493121435,0.5916167727063641,0.5103012339398048,0.8390367817598992,0.6928637851197136,0.7140731789528207,-0.02930561170082302,0.8878986413979069,,0.00019530392557689393,0.000216600797041275,0.0002587750117638347,8.599182460727001e-05,7.927377912428891e-05,8.260729447774018e-05,0.002353928231803431,0.00018076111084854328,,3.6684381512461472,0.3084373519320641,0.2626051612368638,0.4630800605737476,0.392961537494154,0.40451680863682477,0.2895230859541598,0.46869434981881547,,0.1688024602927432,0.034417989450622105,0.031525053290747236,0.04069457288639372,0.02635863507318042,0.02724443726462125,0.15461708212696845,0.05196073791238509,
6,3924,1.5893561840057373,0.7511277198791504,1.0545685291290283,2.002180337905884,0.655390739440918,0.6498377323150635,0.4558086395263672,0.36737060546875,0.6998214721679688,,,,,,,0.0,1.1121938427995213,,,,,,,,0.002253941346121996,0.00028584502942420354,,,,,,,,0.0,0.6616152737552841,,,,,,,,0.10448114199799827,0.0550065893747134,
7,399,1.5045092105865479,0.6267223358154297,0.6341979503631592,2.04988431930542,0.7730250358581543,0.653048038482666,0.453533411026001,0.23108148574829102,0.6862854957580566,,,,,,,0.0,0.7571209137395031,,,,,,,,0.002298538854139901,0.0006540698986341816,,,,,,,,0.0,0.3039482965630782,,,,,,,,0.12406113425762465,0.06351502568793237,
8,6863,1.9744572639465332,0.6458666324615479,0.6440110206604004,2.298565626144409,0.7464108467102051,0.7109518051147461,0.4697299003601074,0.384091854095459,0.8235809803009033,,,,,,,0.0,1.1955864090750539,,,,,,,,0.0021453888338984067,0.00020067508983817782,,,,,,,,0.0,0.7252453237225553,,,,,,,,0.11347786173292847,0.06024672624550059,
9,7440,0.7620022296905518,0.3329141139984131,0.34067797660827637,1.8611772060394287,0.6121933460235596,0.7257111072540283,0.4872133731842041,0.22898006439208984,0.6975722312927246,11.9316930775239,0.4239268390232124,0.32055661662666446,23.98635792377032,0.6328058976862077,0.6327060248733232,0.0,1.238411581388433,,0.00026557915270683307,0.00020861960552762227,0.0001858355124601755,0.0003713588751073335,0.00032667653106486366,0.0003288781291833786,0.002291203764466196,8.474070253143982e-05,,6.178024608135212,0.28011121090883195,0.22262454572550805,12.33999853159911,0.470180412375561,0.4706852268543118,0.0,0.772887088344967,,0.10637556808378086,0.02935552958274331,0.02268531814669106,0.1255913601851987,0.027013160988855887,0.02721303238426705,0.11743966217524271,0.06107852618042624,
11,5845,0.31938719749450684,0.14913201332092285,0.19858002662658691,1.065556287765503,0.6648945808410645,0.27229881286621094,0.8786818981170654,0.1673128604888916,0.1759634017944336,-0.05383006436519551,0.32638952745066035,1.677493092647407,0.27029611561515654,0.33062619079852085,0.35582386603912997,0.0,1.1772270387548431,0.2090051054457758,0.00025662019782075966,0.00032021016485223893,0.0002606068850505326,0.0001178232284740525,0.00012908369863623352,0.0001270489920996602,0.002150423969321114,0.0002520884180437424,0.00010612495275861006,0.11439876492156423,0.1819232286150794,0.9916889876623312,0.1856648852469192,0.2146019162931667,0.22739117959452299,0.0,0.6404097507166963,0.14005317886456642,0.14915811422608258,0.03207922953499734,0.05639521377724715,0.01789460652728282,0.018745554086739676,0.021130743633627914,0.13949424867986412,0.061072143634980494,0.015895231905698887
13,7005,1.5880258083343506,0.6536698341369629,0.6169042587280273,1.9779400825500488,0.6569173336029053,0.6993317604064941,0.4618971347808838,0.9069702625274658,0.717801570892334,,,,,,,0.0,11.080617837202539,,,,,,,,0.0020482197880191764,0.0006298389016624512,,,,,,,,0.0,5.554739811389461,,,,,,,,0.06744931305855677,0.12185301715105094,
14,7296,1.6385562419891357,0.45764946937561035,0.6047136783599854,2.105288028717041,0.6798665523529053,0.7041366100311279,2.2658183574676514,0.7045314311981201,0.6916539669036865,1.724872199079818,0.22014487218717702,0.17018313055041712,,,,,,,0.00031029979091775576,0.0002680202614674572,0.000211678565643959,,,,,,,0.9134600838065206,0.0904092188524492,0.08005169217314267,,,,,,,0.058293646951528375,0.01834932689613457,0.012404397961400226,,,,,,
15,5587,1.5561017990112305,0.6527128219604492,0.6539835929870605,2.329366445541382,0.7358777523040771,0.646066427230835,0.45553088188171387,0.3623390197753906,0.6918694972991943,,,,,,,0.0,0.8203474323259476,,,,,,,,0.0022979771115908534,0.0003619861608978919,,,,,,,,0.0,0.43236491441812913,,,,,,,,0.12530349394659826,0.04536954211857659,
16,416,1.509706735610962,0.6206471920013428,0.6259667873382568,2.067945718765259,0.6633813381195068,0.7078118324279785,0.5848760604858398,0.9760324954986572,0.7726809978485107,,,,,,,0.0,10.778939386359898,,,,,,,,0.002131917126230844,0.0004435488918427636,,,,,,,,0.0,5.422417097777545,,,,,,,,0.08083692300449592,0.11345341436860304,
17,5837,2.2921226024627686,1.1832075119018555,0.741192102432251,2.2250142097473145,0.7749979496002197,0.7772753238677979,0.584589958190918,0.6703345775604248,0.7893180847167969,,,,,,,0.0,1.61547546084869,,,,,,,,0.002255320751950923,0.00029414951470014216,,,,,,,,0.0,0.8860493679717674,,,,,,,,0.10436170546650032,0.05386588726923879,
18,6881,1.7794699668884277,0.6685490608215332,0.6806154251098633,2.0341796875,0.6732218265533447,0.7213811874389648,0.8213269710540771,0.3736715316772461,0.6749422550201416,,,,,,,-0.01760365222923632,1.7450820715789352,,,,,,,,0.0023456553638970413,0.0005128661031895758,,,,,,,,0.3752263436387922,0.9338619321057731,,,,,,,,0.150070812638781,0.11077621300101469,
19,9965,1.4740452766418457,0.6248629093170166,0.719200611114502,0.6352126598358154,0.30338573455810547,0.3577244281768799,2.267319679260254,0.6898086071014404,0.7003731727600098,0.5707211389818412,0.44866093812600283,0.48362045396418696,13.228900196599039,0.3535165858940935,0.45932036784335034,,,,0.0004952304516270756,0.00038387574722439227,0.00038640344544173564,0.00032672846062760516,0.00015094550868676433,0.0001282582037085832,,,,0.3594808173675692,0.2997044043603316,0.31703275465620206,6.905779676658308,0.2467745211578451,0.31735779571927414,,,,0.03411812510927466,0.027051723586340806,0.029040058311546435,0.09563976214232155,0.025065688164972216,0.02944461524127725,,,
21,8549,1.9080934524536133,0.6188971996307373,0.6070845127105713,2.123074769973755,0.6629641056060791,0.6493899822235107,0.44134044647216797,0.9147677421569824,0.7358691692352295,0.7267415961500254,,,,,,0.0,1.4125173495691032,,0.00046233792391379725,,,,,,0.0022290111708026614,0.0008282355324856005,,0.408695507800956,,,,,,0.0,0.6783535152487193,,0.049707832220313455,,,,,,0.10144153739927345,0.10065965086645434,
22,1642,0.7089705467224121,0.23014163970947266,0.20068097114562988,2.845726490020752,0.656306266784668,0.28578996658325195,2.1706809997558594,0.7390170097351074,0.6809332370758057,-0.13647074787738794,0.35247420761258175,0.2948165673629308,2.886031556026407,1.0370529993410473,0.46260472654818685,,,,0.000726958072315144,0.0004322279476244404,0.00044320350374229064,0.0006007023615796952,0.0002503232006738451,0.00011233122185222956,,,,0.25171984642689726,0.24727096098344137,0.2069104704171986,1.5359540002143437,0.7355893516765176,0.3750480927823454,,,,0.1293911556702809,0.030721936408406137,0.02620166937339681,0.13533435646425493,0.057116642110595674,0.03108604555482534,,,
23,1807,1.5013070106506348,0.6266903877258301,0.6115498542785645,1.983652114868164,0.6571333408355713,1.231724500656128,0.7568459510803223,0.43570375442504883,0.7212531566619873,,,,,,,-0.039612196416328,1.174894280115503,,,,,,,,0.0023403392223923687,0.0004299155324375168,,,,,,,,0.23613192684829779,0.7878904047336323,,,,,,,,0.13755955323305794,0.06233297728295001,
24,1517,1.5433788299560547,0.6386117935180664,0.6126937866210938,2.0451343059539795,0.7038764953613281,0.6650335788726807,0.44033074378967285,0.49919581413269043,0.7240419387817383,,,,,,,-0.03548384781698147,3.6476548946748517,,,,,,,,0.002338156153652743,0.00048257755735885616,,,,,,,,0.2558167296295465,2.0386832395026344,,,,,,,,0.13746337750786589,0.11125423023055367,
25,3472,1.5192573070526123,0.6535685062408447,0.6432774066925049,2.5246341228485107,0.7063605785369873,0.7027707099914551,0.45740318298339844,0.36629676818847656,0.7090885639190674,,,,,,,0.0,1.7419984556156105,,,,,,,,0.0022710263510114584,0.000526870196520357,,,,,,,,0.0,0.9299359349681796,,,,,,,,0.11003320936217625,0.08344289175773846,
26,8622,1.8778355121612549,0.689103364944458,0.658822774887085,2.017286539077759,0.6822857856750488,0.6795687675476074,1.1287498474121094,0.37374424934387207,0.7001910209655762,,,,,,,-0.04480983358054448,1.2319040055057893,,,,,,,,0.002308052399575279,0.0003588909864031329,,,,,,,,0.2126482418333432,0.6467732921718706,,,,,,,,0.11916512799862335,0.07208728156012004,
27,7541,0.9510359764099121,0.9334659576416016,0.4797687530517578,2.4059245586395264,0.7452683448791504,0.8144276142120361,0.506718635559082,0.3206174373626709,0.7017824649810791,0.0025919609228178915,0.6688488888871769,0.8921263667766406,,,,0.0,1.0389687157586354,,0.0007886040582161233,0.00052932553666354,9.698791289761533e-05,,,,0.0021337381824194064,0.0003945585566277337,,0.032710976479792764,0.3812632116767336,0.5350343771972961,,,,0.0,0.5948921626208694,,0.21070997026261484,0.04516655602245494,0.018523159762609338,,,,0.08170836962235875,0.04419303388461263,
28,3478,1.5557031631469727,0.657367467880249,0.6561775207519531,2.099053382873535,0.806675910949707,0.6475441455841064,0.4757556915283203,0.500823974609375,1.1457219123840332,,,,,,,0.0,1.4457082568744484,,,,,,,,0.002284987539798269,0.0004073725069134887,,,,,,,,0.0,0.7626355647546189,,,,,,,,0.11711162896531165,0.07787853373498635,
29,516,1.5208232402801514,0.6188755035400391,0.6139388084411621,2.033595085144043,0.6579906940460205,0.6453025341033936,2.1538376808166504,0.4852566719055176,0.6784682273864746,,,,,,,,21.42112221051389,,,,,,,,,0.0010337610485942786,,,,,,,,,10.887720524136434,,,,,,,,,0.12256697643767521,
30,1042,1.5286240577697754,0.6877822875976562,0.6709208488464355,2.849280834197998,0.7147231101989746,0.772310733795166,0.5116188526153564,0.250685453414917,0.746711015701294,,,,,,,0.0,0.7081873463513032,,,,,,,,0.002273181917819202,7.841250657997e-05,,,,,,,,0.0,0.426730338912459,,,,,,,,0.16345589323831708,0.042175829441095214,
34,4285,1.5894989967346191,0.5299012660980225,0.5722637176513672,2.175725221633911,0.7347958087921143,0.7077858448028564,0.5510768890380859,0.6745460033416748,0.713707685470581,0.3362266346198057,0.2723823694533942,0.2764976944816939,,,,0.0,0.8807677295950389,,0.001478421405545656,0.00011550997819335215,0.00010597779914232002,,,,0.0023778485695861644,0.00019353399004664717,,0.6286025557031514,0.18594459020158247,0.18986159882905654,,,,0.0,0.474887985052749,,0.17661251302274286,0.026675070079656096,0.027065234114671516,,,,0.1807204842721402,0.08016072242369646,
35,1229,0.47408008575439453,0.20975589752197266,0.2159435749053955,2.337217330932617,0.7702953815460205,0.7519452571868896,2.489849805831909,0.8144738674163818,0.9617025852203369,9.168832529519971,0.4130462808653891,0.31086308503387244,,,,,,,0.0003167105144646835,9.42933171565084e-05,9.102513781346995e-05,,,,,,,4.82648978375422,0.3084308303811241,0.23867776770367208,,,,,,,0.1027552607704426,0.02604845207931396,0.022500882608406724,,,,,,
36,5035,1.6818556785583496,0.9295785427093506,1.0638680458068848,4.853466510772705,0.8457636833190918,0.7302415370941162,2.4829399585723877,0.8114016056060791,0.7763135433197021,,0.7042099170529401,0.7317745068685104,1.1782442148409138,,,,,,,0.0001826790389071506,0.00018465646228182434,0.00017293339906932715,,,,,,,0.40371820186029567,0.41907722996261787,0.6863386684877969,,,,,,,0.062238302405833265,0.062444005837306686,0.08871729562816756,,,,,
37,4144,1.695298194885254,0.710315465927124,0.7049469947814941,2.7875332832336426,0.6929209232330322,0.6751444339752197,0.4747307300567627,0.931342363357544,0.8500230312347412,,,,,,,0.0,2.080158696232755,,,,,,,,0.002162661620443694,0.0010104864688772444,,,,,,,,0.0,1.015923606656197,,,,,,,,0.08514127219515258,0.10369052987353933,
38,7307,1.249342918395996,0.5326323509216309,0.5855855941772461,2.074514150619507,1.0320720672607422,0.6819453239440918,2.5359206199645996,1.3411037921905518,0.8011031150817871,0.04195554297461724,0.20325334813587317,0.3102761001248022,,0.45767161723667177,,,,,0.0005913731503875115,0.00012975697168045528,0.00017721758495358795,,8.737476021322139e-05,,,,,0.15103482592022227,0.12971221800487662,0.17713631652793985,,0.2798565637352546,,,,,0.1630392633943401,0.011359966900508259,0.019295749629407354,,0.012305765102873692,,,,
39,4096,1.4246838092803955,0.5946755409240723,0.7493479251861572,1.9029209613800049,0.35334205627441406,0.4986991882324219,2.3433988094329834,0.7322113513946533,0.7861194610595703,3.8484776240287952,0.5319006238284022,0.5774229318207182,12.033539404409655,1.2199835444626494,1.107403984314241,,,,0.0008636501233562715,0.0006309286974170015,0.0006014082695677843,9.32741849010104e-05,0.0005515644343920724,0.00047825836518063943,,,,1.8952809955019656,0.22209014460680762,0.25158135666719117,6.051012781899907,0.7875845055168023,0.729559151629597,,,,0.13255042518594193,0.027567517219492885,0.02965191332212687,0.10859610171687083,0.042338203871068125,0.04051769499355131,,,
40,5947,1.2903821468353271,0.34386181831359863,0.35139966011047363,2.6358413696289062,0.7095019817352295,0.7253117561340332,0.49506688117980957,0.26561832427978516,0.734830379486084,4.0663823750693355,0.20874843562583284,0.18633723429856236,,,,0.0,0.2141442133174169,,0.0004354062684627029,0.00018915607867948106,0.00020085165729934832,,,,0.002356524241218093,0.00023090874406933844,,2.054387751365014,0.09747115425503194,0.08511465425446348,,,,0.0,0.11597119988809437,,0.1784056778929685,0.027659447186741026,0.023821747908202354,,,,0.1940778075936257,0.029619139982547275,
41,4873,1.58365797996521,0.6499490737915039,0.636418342590332,2.1390774250030518,0.7280280590057373,0.676055908203125,0.49175500869750977,0.7518429756164551,0.72369384765625,,,,,,,0.0,,,,,,,,,0.0022757327960665538,,,,,,,,,0.0,,,,,,,,,0.1123101593578608,,
42,9865,0.7578201293945312,0.6840357780456543,0.29148149490356445,2.3727073669433594,0.7077794075012207,0.6175796985626221,0.49676942825317383,0.2403397560119629,0.7124640941619873,-0.13735869012263563,0.2828015468841605,0.2599649458670512,0.34351498930442376,0.3193133205313096,0.2967443830085564,0.0,0.7174653680617057,,0.0006602933457267546,0.00039265289262687704,0.0003822810439578188,0.00015949460092230092,0.0001498369209841442,0.00014492370731970504,0.002351045534427674,0.0003038571688633157,,0.21378659765244676,0.13517381702803774,0.1260689487410319,0.23658396473920784,0.22585014819532412,0.21286960191204796,0.0,0.4179577913488407,,0.15851455660735847,0.027343142270602222,0.02411966221183226,0.02842853466521418,0.025327156904859413,0.024366917445768552,0.15198387198016464,0.0634664257268394,
43,312,1.6010007858276367,0.674365758895874,0.6411073207855225,2.1678342819213867,0.7000105381011963,0.6972332000732422,0.5165467262268066,0.32711029052734375,0.7959771156311035,,,,,,,0.0,0.7802516198840915,,,,,,,,0.0023557943774123683,0.0002635184468856581,,,,,,,,0.0,0.4723591542071687,,,,,,,,0.15839554829619862,0.0638724073575432,
44,5853,1.7884657382965088,0.6897215843200684,0.6954832077026367,2.27946400642395,0.7548940181732178,0.6554443836212158,0.4742753505706787,0.48284435272216797,0.7446072101593018,,,,,,,0.0,2.2930507507844116,,,,,,,,0.002297008010651063,0.00026637900889627463,,,,,,,,0.0,1.2326786547561008,,,,,,,,0.12619571357954948,0.08753155977835138,
45,1157,0.621823787689209,0.4503021240234375,0.36821770668029785,2.2077221870422363,0.20793676376342773,0.2346031665802002,0.466707706451416,0.24825048446655273,1.124094009399414,1.7600486236430872,0.2692758969884763,0.23450011899742476,,0.22321030492573296,0.23230235774135236,0.0,1.0940155444481372,,0.0006296506355291984,0.00015605557203209018,0.00016633029116527268,,0.00016341357800404494,0.0001648392424945581,0.002249288111877215,0.0003212590757022357,,0.9134101883744754,0.1876800416006702,0.16277269033059183,,0.144471490894704,0.1489472100384835,0.0,0.58095764786071,,0.07826403338978326,0.014996585641669339,0.01340293731503469,,0.015496698322461502,0.015507586867849676,0.10036400834843741,0.05111691787237698,
46,7199,1.37553071975708,0.5810766220092773,0.5699558258056641,1.930668830871582,0.7606022357940674,0.6857945919036865,0.4365828037261963,0.5558798313140869,0.6597254276275635,,,,,,,0.0,1.6576863514724764,,,,,,,,0.0022549354682857587,0.0006089232850176636,,,,,,,,0.0,0.9064295921782304,,,,,,,,0.1040244921498011,0.09197091423227816,
47,9714,1.502147912979126,0.4983062744140625,0.6418328285217285,1.9683115482330322,0.648383378982544,0.8387823104858398,0.6101515293121338,0.23687314987182617,0.6693365573883057,,0.2640222741165192,0.23092159373499666,,,,-0.026207088496261632,1.1680112944367784,,,0.00026774788870227256,0.0002652758847722077,,,,0.002363045813542312,0.000101886678521722,,,0.190089187387667,0.16991360342227807,,,,0.30623262182543476,0.6630951577952854,,,0.027556042810838784,0.02448685463819988,,,,0.1588292921483802,0.0753252402099082,
48,2559,1.900618076324463,0.20843291282653809,0.2515878677368164,1.9709527492523193,0.784919261932373,0.8284900188446045,0.4556732177734375,0.23200654983520508,0.7117230892181396,1.3350356645824046,0.1609182486580289,0.20696427189447403,,0.3077925816857654,0.3283552804206191,0.0,1.2586970893452045,,0.00044074372869345774,0.00014671531156350702,0.00014960963760062224,,0.00013879165983718796,0.00013334500192476492,0.002250169637930205,0.0002519558083459714,,0.8078290771019051,0.11946492410151668,0.14799029325715618,,0.19425149591666907,0.20518590973667739,0.0,0.7573589972097856,,0.15170732999081987,0.01401160079881049,0.017321519115663184,,0.021843818718060265,0.023527465189877465,0.1106859214273945,0.03277299690428986,
49,835,1.6355392932891846,0.6055045127868652,0.5769586563110352,1.9554715156555176,1.2158081531524658,0.6211442947387695,0.4560105800628662,0.9074959754943848,0.6473188400268555,,,,,,,0.0,12.327034356760143,,,,,,,,0.0019051795810979659,0.0007409265477587158,,,,,,,,0.0,6.156460295806174,,,,,,,,0.05270102158510462,0.10159545793636492,
50,5186,1.5388541221618652,0.6774919033050537,0.5811970233917236,1.9281871318817139,0.660327672958374,0.6531524658203125,0.4477689266204834,0.8474977016448975,0.6845247745513916,,,,,,,0.0,10.050683900837633,,,,,,,,0.002076512258355177,0.0006651781720858612,,,,,,,,0.0,5.0405066856462275,,,,,,,,0.07172557258197398,0.12733647393088057,
51,6807,1.025329351425171,0.5353705883026123,0.317901611328125,2.5287652015686035,0.5423402786254883,0.5580673217773438,0.42812633514404297,0.317943811416626,0.6504426002502441,2.535153519911331,0.5600599999807627,0.2643726586530879,,0.3007726709227496,0.2791394733472029,0.0,0.6018615120081042,,0.0006862654231921718,0.0002143210579693698,0.0001384326242814329,,0.00010596693687950843,9.098302578343065e-05,0.0022881309846940283,0.00030341459287077044,,1.2998766731319364,0.35821808729655397,0.16673379782790076,,0.19933477116587744,0.18347026807325623,0.0,0.3086380229660037,,0.22154394685170264,0.029446315032198144,0.01993345592579883,,0.01748331647419554,0.016280252334088995,0.12028181860979686,0.037467719406739375,
52,4819,1.4090712070465088,0.591815710067749,0.5796854496002197,2.017990827560425,0.9061136245727539,0.9641914367675781,0.5672197341918945,0.25495266914367676,0.7455179691314697,,,,16.169937456876365,0.9177025024737586,0.8693430770684403,0.0,0.6202647782624343,,,,,0.00033183921375841755,0.00027015167764009914,0.0002651555701263017,0.0022869284633720384,0.00017926692132186234,,,,,8.192200935058002,0.6073211681521351,0.5810184646676358,0.0,0.40029495504037643,,,,,0.17486350958095231,0.0316757068288821,0.030783974149931087,0.11266702759535187,0.04122002570647961,
53,7341,1.5375511646270752,1.0229136943817139,0.6283409595489502,1.996192455291748,0.6542742252349854,0.6166939735412598,0.4443473815917969,0.282440185546875,0.6500203609466553,,,,,,,0.0,0.4070027368085861,,,,,,,,0.0023116944955788245,0.00044314861415010163,,,,,,,,0.0,0.21126890956207572,,,,,,,,0.13109061271567451,0.03494852765506971,
54,8035,1.4515998363494873,0.7798800468444824,0.5945849418640137,2.053964138031006,0.703385591506958,0.6918594837188721,0.4748845100402832,0.23895692825317383,0.799138069152832,,,,,,,0.0,0.5659968805906269,,,,,,,,0.0023471233841665775,0.00029384064110238875,,,,,,,,0.0,0.3366864466170276,,,,,,,,0.18401456661095814,0.04674335293783002,
56,3974,2.731248140335083,0.6827034950256348,0.5863723754882812,2.3923451900482178,0.6634695529937744,1.1043813228607178,0.43153882026672363,0.9992532730102539,0.7164609432220459,4.918454288081807,0.27516118529822675,0.27989827730584943,21.431982044178014,0.5477049269463731,0.6034632754694013,0.0,1.702439372388008,,0.0008512704864660912,0.0003085004838710265,0.0003061341907306263,0.001671200531230744,0.0005548559252455015,0.000513750611647198,0.0017071113418249263,0.0008422707875834726,,2.416954511800468,0.19632227471821714,0.19878622172067337,10.676986964280083,0.43906517837758274,0.5175668707310545,0.0,0.8148717310016191,,0.05602217856515421,0.008964986369733646,0.008630599413905794,0.1858507923281056,0.013470957501730042,0.013404782188578965,0.04172392486406327,0.044082680678314674,
57,4051,2.7425622940063477,0.4947834014892578,0.549591064453125,1.9360008239746094,0.6450183391571045,0.6540005207061768,0.5454366207122803,0.4759795665740967,0.6652677059173584,9.46143769419235,0.4714631553626902,0.47932322255208193,,,,-0.039347701662524305,1.591669471402691,,0.0003797898097099989,0.00024888859354613656,0.00025499580677832155,,,,0.002344801677617795,0.000595502400060524,,4.838212233631322,0.2760547122973914,0.2789707913852365,,,,0.23733650986854682,0.8090406036827817,,0.1395846746024357,0.0389374806066586,0.03948055238072158,,,,0.13968155889806905,0.13663064476165976,
58,3384,0.42697787284851074,0.3319060802459717,0.491652250289917,1.7231817245483398,0.8212590217590332,0.7050786018371582,2.2051424980163574,0.6752409934997559,0.681307315826416,-0.20591259216016106,1.083698006434215,1.3107279507739695,4.817151630225867,1.8333125476896845,1.8163259886019647,,,,0.0009774351990703561,0.00023516483957853256,0.00047182207623467856,0.0007968678460265103,0.00029353299005958054,0.00036237126478096306,,,,0.2252996640264084,0.6193825710434366,0.6735190926160384,2.378458306617913,1.1347129274529588,1.1457572429936325,,,,0.08203102809751352,0.02865539919008116,0.05968563717936857,0.15177961523786948,0.047632250741172534,0.04685669451524123,,,
62,1956,0.3100883960723877,0.19820332527160645,0.2493581771850586,1.8792641162872314,0.2717421054840088,0.3349461555480957,0.42403745651245117,0.28056907653808594,0.6636853218078613,1.3484715217948096,0.2956009753651419,0.302551463446348,,0.36746814370646347,0.3794169675714338,0.0,1.715220176330438,,0.0003975846374455205,0.00029345290706617606,0.00028860196019340903,,0.00016915986230400077,0.00017390119294286228,0.0023200052743275945,0.00022727701117301253,,0.7092447065697257,0.20182842337614293,0.20750773111456342,,0.25033374047313384,0.25692841323291643,0.0,1.0015265431018041,,0.0789641445584026,0.021954436828476365,0.022445190308947784,,0.03155733672260537,0.03267702781500509,0.13010086387496175,0.05919869932236933,
64,9712,0.6024622917175293,0.29774951934814453,0.28931236267089844,1.5661709308624268,0.5853946208953857,0.5257875919342041,2.3045380115509033,0.666191816329956,0.6559052467346191,9.598118857555287,0.1353251609232199,0.12368785102035668,9.98201637688447,0.2509494665203653,0.2418559309222374,,,,0.0005572719439665409,0.00010557513239614298,0.0001153868750544584,0.00045106046015246066,0.00014949550832875645,0.0001407040904484652,,,,4.906868548403807,0.10441369495268311,0.09630837308560468,5.2064372772307825,0.201848361151378,0.19453818024019914,,,,0.19643345806516008,0.014133648275792745,0.012996068079304503,0.08638152285018802,0.02175767042072496,0.020967493897618327,,,
65,1706,1.4329748153686523,0.6243624687194824,0.6184606552124023,2.3685078620910645,0.6370105743408203,0.6241855621337891,0.4271564483642578,0.5430779457092285,0.6776442527770996,,,,,,,0.0,2.108054238929038,,,,,,,,0.002265199056865034,0.00034955470573385625,,,,,,,,0.0,1.15282775577083,,,,,,,,0.10808160519109605,0.07912411624836427,
66,6952,1.4120597839355469,0.5965061187744141,0.5702447891235352,2.073038339614868,0.6651191711425781,0.6238813400268555,0.4494504928588867,0.2152881622314453,0.6726393699645996,,,,,,,0.0,0.7662908038655387,,,,,,,,0.002310405757153121,0.0004932613387671486,,,,,,,,0.0,0.3755310643233922,,,,,,,,0.11523668290845751,0.050450631983679654,
67,9184,1.4250383377075195,0.6351754665374756,1.0423998832702637,1.9161314964294434,0.6583538055419922,0.6464278697967529,0.4712529182434082,0.261005163192749,0.8310379981994629,,,,,,,0.0,0.7020190755924147,,,,,,,,0.0023300871926326926,0.0005474754316888396,,,,,,,,0.0,0.38491179863358554,,,,,,,,0.12688734317256314,0.05205644982638318,
68,5369,1.5366017818450928,0.6039083003997803,0.616940975189209,2.065412759780884,0.6752219200134277,0.6442694664001465,0.4595048427581787,0.2971153259277344,0.8106567859649658,,,,,,,-0.03258451776054972,0.40978786744750506,,,,,,,,0.0024057682267364733,0.00021250804796368517,,,,,,,,0.2705223375946083,0.23080766121354682,,,,,,,,0.20816814961278626,0.0533929433661575,
73,3172,1.3705079555511475,0.4876110553741455,0.4302816390991211,4.5033791065216064,0.4621703624725342,0.4597163200378418,0.4362771511077881,0.4143102169036865,0.6664533615112305,12.146882350327985,0.2449145105821928,0.22476068363822477,,0.24095980166028447,0.22356982612404708,-0.0009383111262958822,3.850294815720932,,0.00043516794807455276,9.986233637569915e-05,9.368064205853047e-05,,0.00010837368770881451,0.00010691030394960156,0.002319624580158692,0.00042675642538870926,,6.1805249834346085,0.14916778218615637,0.1394147522800373,,0.14089682613998605,0.1330311655754873,0.3269310590582861,2.1357162379581363,,0.17128077708535705,0.01876823555088899,0.017832361965583472,,0.01968674261808578,0.01834526297347875,0.13130522797354235,0.09021031376433283,
74,3416,1.5100643634796143,0.6444540023803711,0.6445016860961914,1.9686858654022217,0.640247106552124,0.6194272041320801,0.4256620407104492,0.5543322563171387,0.7451717853546143,,,,,,,0.0,2.713074863266895,,,,,,,,0.002325204359705988,0.0004033513521613937,,,,,,,,0.0,1.446745868893569,,,,,,,,0.11386658585002626,0.11758425259877359,
75,6470,1.3570988178253174,0.4283773899078369,0.4416520595550537,1.867067575454712,0.6249773502349854,0.6788253784179688,0.5570127964019775,0.28745031356811523,0.7780416011810303,1.8820620612773118,0.27600254926617657,0.24340207303494663,,,,-0.007247502115873372,0.9815295904884725,,0.00028763252677075924,0.0001527766619444081,0.00017362223449121522,,,,0.002386388245820689,7.116160887080182e-05,,0.9796755649754271,0.1482432456958518,0.1314154794008148,,,,0.19709633341961152,0.5867428683281772,,0.11049401850406004,0.03180333793768104,0.02836987714156871,,,,0.18839098384451822,0.06713185880510755,
77,7042,1.6056127548217773,0.6420116424560547,0.6723599433898926,2.2290003299713135,0.6938600540161133,0.7542223930358887,0.47782254219055176,0.3169407844543457,0.6788403987884521,,,,,,,-0.030955470181743886,1.2593038964216423,,,,,,,,0.002328457001414692,0.00044310169777904824,,,,,,,,0.28402272338938167,0.628761653473083,,,,,,,,0.13384185046567648,0.09455306778630082,
78,2402,1.3979837894439697,0.6852483749389648,0.6491420269012451,2.4396464824676514,0.6254701614379883,0.6915357112884521,0.5692574977874756,0.5979156494140625,0.8430445194244385,,,,,,,0.0,1.1869336813827944,,,,,,,,0.0022431512371516695,0.0004064981040141845,,,,,,,,0.0,0.6440445980510416,,,,,,,,0.10101176452352904,0.06179562827364665,
79,9931,1.5321481227874756,0.6657907962799072,0.7165882587432861,2.0489068031311035,0.6756455898284912,0.6740081310272217,0.47617173194885254,0.50309157371521,0.7035257816314697,,,,,,,0.0,0.7542336445414038,,,,,,,,0.0020638157782178553,0.0007939226546327419,,,,,,,,0.0,0.3991276179613312,,,,,,,,0.06895126678122229,0.04435206937947517,
80,9952,2.0757105350494385,0.6485586166381836,0.6505289077758789,2.037867546081543,0.7265167236328125,0.6874649524688721,1.1806044578552246,0.435866117477417,0.6993622779846191,,,,,,,-0.03540496851280797,2.2423114074593644,,,,,,,,0.002384903201639557,0.00023014386181120544,,,,,,,,0.2562074278895271,1.2564912623167452,,,,,,,,0.17657980839394583,0.10013647878281354,
81,9986,1.3249626159667969,0.701789379119873,0.8853874206542969,2.1299517154693604,0.6762981414794922,1.2009329795837402,0.47231268882751465,0.23770833015441895,0.7208402156829834,1.436721491576511,0.41070805412190314,0.2511062256079013,,,,0.0,0.6559541934263039,,0.00022316771633519274,0.0002387658045380959,0.00017104164311407965,,,,0.0022710390863923723,8.06913376096991e-05,,0.8051217798053965,0.22584052880466915,0.1438961629686774,,,,0.0,0.4002116633140201,,0.09717609203174425,0.034705979945516975,0.01849626791541938,,,,0.16033395711225668,0.04457140128169087,
82,6862,1.6040644645690918,0.6782529354095459,0.6540141105651855,2.2336230278015137,0.7367568016052246,0.7599291801452637,0.532332181930542,0.6511185169219971,0.7863845825195312,,,,,,,0.0,1.5020884159732537,,,,,,,,0.0021380168437081246,0.0003089430271402251,,,,,,,,0.0,0.743533729746446,,,,,,,,0.11256783105399024,0.06726342180127218,
83,8879,1.633321762084961,0.5790817737579346,0.6365659236907959,2.319514513015747,0.6216793060302734,0.7392158508300781,0.42272496223449707,0.34404659271240234,0.7078197002410889,,,,,,,0.0,2.1869994029733952,,,,,,,,0.002293669988185297,0.0008446907527629523,,,,,,,,0.0,1.0727787088557799,,,,,,,,0.11972381109306467,0.1217475227287371,
84,6623,1.5599465370178223,1.132307767868042,0.9595036506652832,2.165663480758667,0.6917190551757812,0.687382698059082,0.48922014236450195,0.9616107940673828,0.787787675857544,17.193325055019592,0.5800621088304874,0.4175912851243204,,,,0.0,10.641796793666758,,0.0013213241142123783,0.00031677670620272873,0.0002619187618058353,,,,0.0018707303140888332,0.0007594601156048214,,8.610781117465386,0.42195314537469186,0.31275906585725505,,,,0.0,5.3942752065982775,,0.17291335156809742,0.012908012865872748,0.010088182764270065,,,,0.047415986002244025,0.09881631959369724,
85,5364,1.806396484375,0.6288866996765137,0.5978827476501465,2.037855625152588,0.6502299308776855,0.8399674892425537,0.4757838249206543,1.0413432121276855,0.6505000591278076,,,,,,,0.0,15.732717482575225,,,,,,,,0.002382559587869063,0.0008470005614963065,,,,,,,,0.0,8.087081250512776,,,,,,,,0.16170281838225486,0.1705840812301579,
87,6725,0.4430220127105713,0.41472339630126953,0.24759268760681152,1.164921760559082,0.4424459934234619,0.37383008003234863,1.9871320724487305,0.6590683460235596,0.6463150978088379,2.466013162322466,0.37363531237411407,0.3639339635719346,5.369668600927464,0.82463505825046,0.8503502281335975,,,,0.0005003926304622551,0.0002999222947597683,0.000320138318236629,0.00024974340628832663,0.0002698148511691687,0.0002874410039574477,,,,1.3111082479274663,0.21324750129920322,0.19973756541950416,2.819585657953484,0.5294469252358687,0.5510783627365682,,,,0.20728070651827993,0.02805765537015995,0.02827784747306522,0.1481630115302705,0.03769523968369796,0.04005216144555351,,,
88,3140,1.4741933345794678,0.5891778469085693,0.5806198120117188,2.291806221008301,0.6237258911132812,0.6181485652923584,0.4212167263031006,0.27176880836486816,0.6440813541412354,,,,,,,0.0,1.2632807292578578,,,,,,,,0.002309761574365662,0.00015827280454650284,,,,,,,,0.0,0.7724926167610757,,,,,,,,0.1290575053550832,0.06903887548734773,
90,7404,2.046072483062744,0.8212578296661377,0.601670503616333,1.8573248386383057,0.6202363967895508,0.7711985111236572,0.4237949848175049,0.3538169860839844,0.6772654056549072,,0.27159716137978546,,,,,0.0,1.1663964397402578,,,0.00023571581021500913,,,,,0.0022590354716315064,0.0003576736439913044,,,0.1517344758388185,,,,,0.0,0.6390659276401496,,,0.017954018231929804,,,,,0.10740172539604077,0.043855665581674176,
91,1188,1.484053373336792,0.6055445671081543,0.5942821502685547,1.9257748126983643,0.619304895401001,0.602123498916626,0.4167299270629883,0.2734191417694092,0.6465113162994385,,,,,,,0.0,1.5850232134571534,,,,,,,,0.0023106876517021667,0.0001377945923940099,,,,,,,,0.0,0.8725125182286463,,,,,,,,0.12455813698028231,0.08414536687780504,
93,8100,1.4534633159637451,0.5977616310119629,0.5874910354614258,1.8913745880126953,0.7058465480804443,0.9789755344390869,0.44064807891845703,0.28162240982055664,0.699392557144165,,,,,,,0.0,0.42991718976132975,,,,,,,,0.0022612350547172315,0.0003843561202581018,,,,,,,,0.0,0.19368744788151368,,,,,,,,0.11753772097074124,0.029613114789215404,
94,8817,1.439610481262207,0.589979887008667,0.5774326324462891,1.8781843185424805,0.6568171977996826,0.6783840656280518,0.43604040145874023,0.34749746322631836,0.6707613468170166,,,,,,,0.0,0.8270084459489184,,,,,,,,0.0022695537099727287,0.00047891076261609943,,,,,,,,0.0,0.45487060499124293,,,,,,,,0.11247314612119358,0.056008560752893725,
96,5880,1.4611058235168457,0.6061594486236572,0.5818264484405518,1.9189248085021973,0.6508965492248535,0.8456192016601562,0.48602795600891113,1.049367904663086,0.6910519599914551,,,,,,,0.0,2.5964125076143985,,,,,,,,0.002001546589995748,0.0012160849862772269,,,,,,,,0.0,1.2023174381129247,,,,,,,,0.06336497344035653,0.09327830512879154,
98,284,1.7159748077392578,0.7565920352935791,0.6399016380310059,2.2295873165130615,0.6882154941558838,0.7840311527252197,0.4636094570159912,1.026130199432373,0.7595479488372803,,,,,,,0.0,17.302471360372767,,,,,,,,0.0022566451838845225,0.00017300480434067356,,,,,,,,0.0,8.795331430978075,,,,,,,,0.10388371034688387,0.11182013117993765,
100,5080,1.7231557369232178,0.6972053050994873,0.7078170776367188,2.300741672515869,0.7852687835693359,0.7041187286376953,0.4699680805206299,0.43541836738586426,0.7984280586242676,,,,,,,0.0,1.3876878535033874,,,,,,,,0.0022751933800600633,0.0005181231999231314,,,,,,,,0.0,0.7146595817945443,,,,,,,,0.11056308798029017,0.07768413564732109,
101,2932,1.7082431316375732,0.6684134006500244,0.7203285694122314,2.787323474884033,0.6861722469329834,0.6487030982971191,0.47873520851135254,0.3643784523010254,0.7427928447723389,,,,,,,0.0,1.9067416960319479,,,,,,,,0.0022851317419820506,0.00024303166350722705,,,,,,,,0.0,1.1081650398690033,,,,,,,,0.11021190282176482,0.09500341635010638,
102,8366,1.761747121810913,0.7434728145599365,0.6277270317077637,2.0569121837615967,0.7504122257232666,0.6870696544647217,0.5598821640014648,0.4871225357055664,0.7497668266296387,,,,,,,0.0,1.033861322179791,,,,,,,,0.002389251509451883,0.00041806674912201,,,,,,,,0.0,0.547791693066444,,,,,,,,0.16785290011906553,0.07636112009795824,
103,6146,1.768575668334961,0.6644549369812012,0.6912000179290771,2.0386719703674316,0.7231645584106445,0.6338157653808594,2.179103374481201,0.2639944553375244,0.7067170143127441,0.7957343886258816,0.24260393514592768,0.22769568947934482,,,,,0.5511212918829347,,0.000980010975735334,0.0002999323660714929,0.00027358937743293763,,,,,0.00016018159544101663,,0.7269309164742392,0.13221368139147233,0.12770594377606254,,,,,0.32292637257732637,,0.15514123272782254,0.03418188780510994,0.03088385977366448,,,,,0.04905072217290706,
104,2582,0.5941059589385986,0.2704145908355713,0.2608177661895752,2.2470993995666504,0.6889233589172363,0.6485791206359863,0.4194021224975586,0.2771575450897217,1.0612869262695312,4.692428967185268,0.2744652855645431,0.27440851315493814,10.968383878174222,0.6543863260543821,,0.0,0.7335832403684296,,0.0004999994352866934,0.00028160167303291047,0.0002791338782257699,0.00020370826445723547,7.905253733626945e-05,,0.00223463995955602,0.00031451671278140853,,2.416027733100043,0.16590283215299068,0.16576970697381016,5.624647921043996,0.41988802021647453,,0.0,0.4371035407927745,,0.1147553329586577,0.01712622204752048,0.017127039021272966,0.09675276377916435,0.029974747590912953,,0.09625748338551106,0.04390162720079832,
105,7563,1.719942331314087,0.6155838966369629,0.6391899585723877,1.9462299346923828,0.6766955852508545,0.6784012317657471,0.48792433738708496,0.8107044696807861,0.6935851573944092,,,,,,,0.0,1.0309846832692668,,,,,,,,0.002202228764720956,0.00019995690436241725,,,,,,,,0.0,0.5256569423671728,,,,,,,,0.0933353733650323,0.03423032067955135,
106,7724,0.8826186656951904,0.2952096462249756,0.29419875144958496,2.127840518951416,0.680734395980835,0.7990186214447021,2.7762742042541504,0.8869884014129639,0.803452730178833,7.940966005941863,0.3850003526931774,0.32582406170704376,,,,,,,0.0007320153883036992,0.00024636862827966707,0.0002730751817079288,,,,,,,4.039608917837596,0.25860880444864776,0.21796206672233026,,,,,,,0.20012241968104716,0.03452626851693395,0.029777473872801937,,,,,,
107,1045,0.5350837707519531,0.2769632339477539,0.381101131439209,3.2548344135284424,0.5547528266906738,0.8377337455749512,0.47828197479248047,0.26917433738708496,0.8141570091247559,3.3978880596404446,0.20302286059694433,0.2693396431361112,0.40339647195841016,0.1610915736645686,0.13913423267005304,0.0,0.2698675714936566,,0.0003517354106957136,0.00013109227993339404,0.0001517086830730495,0.00023545552746310707,7.918831425688216e-05,8.007570132089884e-05,0.0022964811262213896,0.00027560339951591706,,1.7050036075914803,0.1257269171414081,0.16590539961722173,0.24080489025831228,0.08302688766141937,0.07397588627618325,0.0,0.12938732972316877,,0.1105848115190776,0.012519984670532922,0.015804984311719672,0.032422458378009514,0.010189568420268046,0.008905265618785314,0.12843458952208336,0.018251135932216642,
108,5830,1.6124191284179688,0.8983798027038574,0.8853549957275391,1.0336201190948486,0.36810779571533203,0.34879255294799805,0.4349513053894043,0.28700995445251465,0.6736502647399902,,,,21.801649249343217,0.5727061826836973,0.3703499978353645,-0.03601302281351923,0.5628726032439473,,,,,0.0007847747108138929,0.00011091035065149102,9.983685451761712e-05,0.002380849347435691,0.00014121045204685303,,,,,11.10818171586866,0.3699499887676943,0.25623307170199133,0.25321299797852537,0.31364137294046884,,,,,0.18326884218467446,0.04989891496485332,0.03910456500256116,0.17142996414251976,0.06296164923395982,
109,2737,1.5756568908691406,0.6022779941558838,0.6497385501861572,2.1414763927459717,0.6862869262695312,0.6499879360198975,0.45357227325439453,0.30135202407836914,0.7733578681945801,,,,,,,-0.013460501245479702,1.0112722978524067,,,,,,,,0.0022864168548443146,0.0002790573225868052,,,,,,,,0.42243240228163853,0.5718219453267963,,,,,,,,0.11385395334604431,0.06464307525812676,
110,3385,0.9091286659240723,0.3208005428314209,0.3677382469177246,2.4207465648651123,0.6650726795196533,0.6498677730560303,0.46754026412963867,0.48731470108032227,0.673797607421875,6.640550136743808,0.5909727725025903,0.578770566983305,,,,0.0,3.4227983552386516,,0.000761574538860303,0.0004750040133572589,0.00048785935965006303,,,,0.002299834513201221,0.00032443687305673703,,3.762249211305009,0.32560499351658667,0.3165399296082137,,,,0.0,1.9903939064052585,,0.08875836479893363,0.04901792287354902,0.04798453266676888,,,,0.12037782749034884,0.09319458712049394,
114,3843,1.4254720211029053,0.6099052429199219,0.5904066562652588,1.8367223739624023,0.7131931781768799,0.6110656261444092,0.42255210876464844,0.8442366123199463,0.6502947807312012,,,,,,,0.0,4.350016481551707,,,,,,,,0.001897395635153102,0.0010677460985678152,,,,,,,,0.0,2.1745857104959123,,,,,,,,0.05335263517171575,0.09626055371831098,
115,5525,1.248091220855713,0.5833768844604492,0.6286494731903076,1.8288559913635254,0.6149883270263672,0.6045911312103271,0.4271972179412842,0.277080774307251,0.7624869346618652,1.665510011909626,0.34293198601991703,0.3017513027692838,,,,-0.03870132565874053,2.167494047128935,,0.00021863675825473748,0.00023516315790486994,0.00023437332090241723,,,,0.0022783096108776337,0.0006560350688383372,,0.9411025813723812,0.22175038742897946,0.19699004054504493,,,,0.24310907626412992,1.1412352008225304,,0.059905243070781856,0.02098283475244494,0.018398863524032995,,,,0.11291045830096744,0.08651985746818606,
119,7083,1.4066565036773682,0.5855145454406738,0.5751118659973145,1.8266916275024414,0.6258590221405029,0.6171000003814697,0.41977810859680176,0.27824926376342773,0.651862382888794,,,,,,,0.0,2.1038290662390753,,,,,,,,0.0022278971121180006,0.0007707078186992776,,,,,,,,0.0,1.0315938033494216,,,,,,,,0.09759319709965951,0.07415028243443479,
120,682,1.9467518329620361,0.5807750225067139,0.5681471824645996,1.818441390991211,0.6176879405975342,0.619746208190918,0.41776156425476074,0.836284875869751,0.6377203464508057,1.3430785939248993,,,,,,0.0,2.5369852611437467,,0.0003755864590571581,,,,,,0.0019740742682036773,0.001067028131395241,,0.7702028053809093,,,,,,0.0,1.2846676035989477,,0.04066209178853083,,,,,,0.060436252932545564,0.08137402088574798,
121,4019,1.3918862342834473,0.5878279209136963,0.5807530879974365,1.8447041511535645,0.6454570293426514,0.612443208694458,0.4162285327911377,0.4673726558685303,0.7556490898132324,,,,,,,0.0,1.9562753306773937,,,,,,,,0.0022229435541491543,6.822134191449075e-05,,,,,,,,0.0,1.0891778862770585,,,,,,,,0.09082158353537495,0.06649303675022587,
122,9192,1.244375467300415,0.5326836109161377,0.5390560626983643,1.9894776344299316,0.659632682800293,0.610579252243042,2.0941014289855957,0.6495411396026611,0.640000581741333,0.6000262406682197,0.23039518109908805,0.2037317763879848,,,,,,,0.0002995741283867041,0.0001607616903869468,0.00017019309244159088,,,,,,,0.3258378024285232,0.15700235833572296,0.13943706994486255,,,,,,,0.062254071906060096,0.029844268436658897,0.02634806947222095,,,,,,
123,2661,1.5835115909576416,0.7158465385437012,0.6230700016021729,1.94588303565979,0.9997944831848145,0.643129825592041,0.4591195583343506,0.9220609664916992,0.6806201934814453,,,,,,,0.0,8.150679948123443,,,,,,,,0.0020084319297042057,0.0007831737480174533,,,,,,,,0.0,4.174258148435212,,,,,,,,0.06386961753515344,0.10894291989468576,
124,534,1.4976465702056885,0.5820114612579346,0.6282992362976074,2.1232621669769287,0.7008717060089111,0.7440049648284912,0.5141956806182861,0.38594698905944824,0.74517822265625,,,,,,,0.0,1.1054030874213414,,,,,,,,0.0023187759401329788,0.0002993524425673588,,,,,,,,0.0,0.6021188419507799,,,,,,,,0.13391180001412328,0.08279495699010678,
125,1306,1.5095915794372559,0.6550230979919434,0.9451906681060791,2.105051279067993,0.6593351364135742,0.96864914894104,0.5036475658416748,0.31036806106567383,0.7684123516082764,,,,,,,0.0,3.8344139752430992,,,,,,,,0.0022168106394392247,0.00010636515449395394,,,,,,,,0.0,1.9332930357608986,,,,,,,,0.09249426024362255,0.05637121875771075,
126,3008,1.6211519241333008,0.6151123046875,0.5892622470855713,1.9253826141357422,0.6244950294494629,0.6172041893005371,0.4347362518310547,0.28421592712402344,0.6498043537139893,,,,,,,0.0,0.7246226090289367,,,,,,,,0.0022603862755655652,0.00033602498134670695,,,,,,,,0.0,0.36976513181130455,,,,,,,,0.10679371748699479,0.04253029724879938,
127,9974,1.9286692142486572,0.6097955703735352,0.5852792263031006,1.935689926147461,0.6317403316497803,0.6296000480651855,0.43828511238098145,0.28725695610046387,0.6712214946746826,,,,,,,0.0,1.713999829967538,,,,,,,,0.0021705236640128353,0.0007492573783776165,,,,,,,,0.0,0.8646431185989443,,,,,,,,0.08001275019811847,0.07335301460450436,
129,7856,1.4510197639465332,0.1408083438873291,0.13879847526550293,1.9010918140411377,0.2055072784423828,0.26627206802368164,0.45140719413757324,0.296771764755249,0.8620584011077881,,0.05477767570968211,0.05367404595370681,0.5222268506715688,0.0664820915075788,0.06286534513333647,0.0,0.19268006144328872,0.15848250370644362,,0.00015350236350941598,0.00013540653055042103,0.00010184606582201907,9.206477527142161e-05,8.52206807278191e-05,0.002355829296753255,7.630709972617712e-05,0.0001029429196378002,,0.02617608337732626,0.02655705005025289,0.290407777544733,0.043194476488086025,0.041419697239534994,0.0,0.11063413592340461,0.0916740131178768,,0.005901148438493549,0.0054186120342054785,0.02937120224361734,0.0058422108728838395,0.0054666779186873385,0.1644458567740822,0.016481070150556183,0.01463308585940807
130,117,1.407811164855957,0.5979688167572021,0.5991756916046143,1.8677034378051758,0.7370538711547852,0.6346948146820068,0.47676801681518555,0.754143238067627,0.6858067512512207,,,,,,,0.0,1.4507018577777862,,,,,,,,0.002298295453208178,0.0006709332762120768,,,,,,,,0.0,0.7418885775603454,,,,,,,,0.12213581511035786,0.10125423273302404,
131,2482,1.4342036247253418,0.6062135696411133,0.5998005867004395,1.9076828956604004,0.6707797050476074,0.6325905323028564,0.84126877784729,0.4251284599304199,0.6751511096954346,,,,,,,0.0,1.1709565243056752,,,,,,,,0.0016117684471327121,0.0006583795762264001,,,,,,,,0.0,0.5690710670586178,,,,,,,,0.16855777625409019,0.07634933904934446,
132,9607,1.4094572067260742,0.47536611557006836,0.5208981037139893,1.840653419494629,0.6470894813537598,1.022733449935913,0.43466687202453613,0.3390834331512451,0.6380760669708252,3.2690116199522326,0.5325584621909358,0.5284809126596735,,,,0.0,1.5979871126801943,,0.0004616645841241288,0.00037064461542603863,0.00036902050878567495,,,,0.0022531825822358804,0.00015278571190300972,,1.788535148075675,0.26001793457101896,0.2582410958737486,,,,0.0,0.9246815476161386,,0.13424696445733209,0.029649397087314178,0.029459340341802594,,,,0.10441568784376495,0.059481702657550525,
133,5810,1.5967118740081787,0.6080718040466309,0.5914857387542725,1.8913662433624268,0.6346149444580078,0.621030330657959,0.42151451110839844,0.5982117652893066,0.6613414287567139,,,,,,,0.0,4.203663901248774,,,,,,,,0.002273730838714907,0.00020270339546846542,,,,,,,,0.0,2.2140178393957606,,,,,,,,0.10720448963899286,0.11673266164409776,
135,5666,1.4530863761901855,0.6120712757110596,0.5945427417755127,1.900888442993164,0.838658332824707,0.6657946109771729,0.43116068840026855,0.8471860885620117,0.6682271957397461,,,,,,,0.0,3.8401336038169984,,,,,,,,0.00215738471201422,0.0012111795442531295,,,,,,,,0.0,1.855644016237657,,,,,,,,0.08498595516638029,0.15456817412480497,
136,9348,1.9355463981628418,0.6225974559783936,0.5810317993164062,1.880216360092163,0.6297969818115234,0.6514954566955566,0.4426460266113281,0.8842017650604248,0.6419305801391602,,,,,,,0.0,9.622306192277232,,,,,,,,0.0020445108857218737,0.0007342941516227522,,,,,,,,0.0,4.792354514417024,,,,,,,,0.06773421133159145,0.12497583530028862,
137,4079,1.3927547931671143,0.5844559669494629,0.5714423656463623,1.8776664733886719,0.6215708255767822,0.6073071956634521,0.42426419258117676,0.27724337577819824,0.8078441619873047,,,,,,,-0.04420826362024796,1.6100850054575926,,,,,,,,0.002307333402090279,0.00032125202509482277,,,,,,,,0.21529364468813916,1.0498731830038166,,,,,,,,0.11628935888080724,0.06497754775223409,
138,9833,1.0317256450653076,0.4279904365539551,0.4755096435546875,2.8782482147216797,0.7276549339294434,0.7508091926574707,0.5581676959991455,0.2461700439453125,0.7492096424102783,17.26465864009339,0.2699720171238531,0.26907773613088215,4.154737211726321,,,0.0,0.40461195999235233,,0.0014254264361761647,0.00027150149548342,0.00026663705269812404,0.0001711756301209746,,,0.0022933415980624467,0.0002506096968681761,,9.265920184136478,0.18491517010496417,0.18476892085089314,2.2331704620430055,,,0.0,0.27227773177758297,,0.08474132945932163,0.02280569070668062,0.022472965818730154,0.13079979923147877,,,0.11775215387165468,0.03633130633852074,
139,1315,1.6464579105377197,0.630507230758667,0.6291124820709229,1.1481502056121826,0.29562830924987793,0.37926197052001953,0.4378533363342285,0.33671116828918457,0.8372898101806641,,0.22863542257292946,0.24187459890176075,1.2328273246040617,0.25751818339720084,0.2769370724557897,2.5098413101911934,0.9564787096560928,,,0.00023382713098102432,0.00023138904813985287,0.000303783014199011,0.0001204598941155401,0.00012225592135693244,0.0005978101656509458,0.00016884527451077678,,,0.14343892423722446,0.1502271683611169,0.7202756923114199,0.1818534298486392,0.19188286639251936,1.2822100847329052,0.5613939397529983,,,0.013935233435835508,0.014597333664102319,0.0633182256559391,0.01525567774787417,0.016461742634062273,0.09401217733592038,0.04131242015668108,
140,2894,0.7161836624145508,0.1977982521057129,0.1928415298461914,0.581984281539917,0.4242856502532959,0.22147774696350098,0.49907493591308594,0.21361422538757324,0.721581220626831,4.251249470238,0.18273839891796706,0.1701667539028165,-0.10057618253065154,0.24650443149729231,0.19015013849529483,-0.0364921224393004,0.12337202002209109,,0.001322249105817407,0.00018038026644088423,0.0001915145545324903,0.0006028819257255858,0.00010235042461524317,0.00010618995048018677,0.002370951742407438,9.916657516974026e-05,,2.4937284344550883,0.0861905435488449,0.08299435117011077,0.12216512549773942,0.16452856169014074,0.12798464598251724,0.2509063766710045,0.07592913501933012,,0.18592761613223846,0.02102496389601118,0.01875902560589362,0.21628800539823773,0.02533845825696164,0.01938159694568113,0.1634218589396543,0.011499290525088919,
141,6694,1.5814299583435059,0.5959539413452148,0.5762097835540771,2.903773307800293,0.20649313926696777,0.2651078701019287,0.4254422187805176,0.7113034725189209,0.69978928565979,,,,13.358790957283837,0.2660193642249366,0.30998329127320523,0.0,1.7761072194250436,,,,,0.0011210766939398536,0.00014558930383801454,0.0001808672695074822,0.0021540588334397663,0.0001562656725050508,,,,,6.692889806945821,0.19714509265865793,0.2336661293703139,0.0,1.0628799196958543,,,,,0.17123583366022055,0.01074965973675617,0.012944274638775686,0.081548756757605,0.04021339360803137,
142,9428,1.6862165927886963,0.9667978286743164,0.6292486190795898,2.0504684448242188,0.7547128200531006,0.6959946155548096,0.470719575881958,0.8089878559112549,0.8171966075897217,,0.5766357830334927,0.5044068197089023,,,,0.0,2.3991965215823807,,,0.00021248165204114996,0.00022485349314358482,,,,0.0017874350984899627,0.00023842472794196804,,,0.31975944137046286,0.278206317432549,,,,0.0,1.2567310448480102,,,0.02994478726483659,0.02773070041223753,,,,0.13628051220488197,0.08715260287023222,
143,4259,0.514798641204834,0.1577157974243164,0.15025663375854492,0.633986234664917,0.3425416946411133,0.42203283309936523,0.4851071834564209,0.2302417755126953,0.7032651901245117,17.657954266460163,0.14526079314629312,0.1411590507719171,0.4214189434798007,0.18321862050919002,0.1684599482271389,0.0,0.37107634750988855,,0.0003878300509116747,0.00021756596295727693,0.0002224685873982089,0.00020567568819190705,0.00014188502117131856,0.00014905897186804777,0.0021705236640128358,0.00040139979105220474,,9.032359939120436,0.11210351905383949,0.11179368386052493,0.27151241511701263,0.1309836428623019,0.12094178045533677,0.0,0.23082325031032,,0.09097795760181528,0.008390186634004454,0.008217277777052799,0.02353626108755339,0.00843186994187197,0.00793501137696504,0.08234246639832403,0.022876198058267436,
144,548,2.5834708213806152,1.037541151046753,0.6658375263214111,2.2251365184783936,0.5887422561645508,0.6049060821533203,0.5354106426239014,0.42672181129455566,1.1017212867736816,11.095991594671577,,,,0.4616846223772222,0.45385930047350936,0.0,0.8615544313630952,2.5852190711524816,0.0006232052610021035,,,,9.43429471170932e-05,9.271024708133698e-05,0.0021533597514583366,0.00014248356060244963,0.00010944363543296417,5.609794524429842,,,,0.30944326388737925,0.308479812728395,0.0,0.4948668583007123,1.4366176625312903,0.1851990952702888,,,,0.022660397368829965,0.0224039531278601,0.1140237467536034,0.036692143056922935,0.05846363289367217
145,7109,1.7167701721191406,0.7680182456970215,0.7614870071411133,2.112632989883423,0.6351993083953857,0.6712121963500977,2.7446227073669434,0.804736852645874,0.7059063911437988,19.913904410944518,0.512325083367522,0.4328412870078665,,,,,,,0.0008260211402320842,8.604386775246517e-05,8.105411609095625e-05,,,,,,,10.300590643217042,0.3291068832624445,0.2794878452647593,,,,,,,0.1500145409494491,0.036590901678336125,0.031857052693613795,,,,,,
147,6647,2.21601939201355,0.6281354427337646,0.6369428634643555,2.1844444274902344,0.7036516666412354,0.6879589557647705,0.46054601669311523,0.3041534423828125,0.6860120296478271,,,,,,,0.0,3.1001387406999616,,,,,,,,0.0022039614107405656,0.0007162623845308023,,,,,,,,0.0,1.531775360854389,,,,,,,,0.08887579382301622,0.07159925155733421,
149,8066,0.919907808303833,0.33704519271850586,0.39032745361328125,2.217581272125244,0.8749303817749023,0.6846439838409424,0.5309853553771973,0.2644617557525635,0.7433578968048096,-0.1677234174604971,0.1615140322957896,0.22940392272821447,,,,0.0,0.16911101207341397,,0.0011712096060176329,0.00024850631906118915,0.00031002802064669015,,,,0.0023210519491483153,0.00032291964008557706,,0.3243217537166454,0.09496920291965891,0.12659598780905912,,,,0.0,0.12914275174076356,,0.06999525344668737,0.013654850151104172,0.022637971858226212,,,,0.1417050397876306,0.01784084297561836,
151,5979,2.4747440814971924,0.5157797336578369,0.7570240497589111,2.028266429901123,0.7106378078460693,0.7488548755645752,0.6654994487762451,0.4526984691619873,0.7339522838592529,3.545828907754756,0.24900384058668215,0.2541323779930914,,,,0.0,1.7709860244209294,,0.00043670139330827555,0.00033971378013383005,0.0003408578475579456,,,,0.0022669514118408736,9.995171108446904e-05,,1.8296031362824354,0.13062036817338255,0.1334637986714223,,,,0.0,0.9585566439547507,,0.1259700554625533,0.019833868691308213,0.020264471623828727,,,,0.11013495594316158,0.051967236796306604,
153,6276,1.4823672771453857,0.756181001663208,1.017754077911377,2.171971559524536,0.6503427028656006,0.6387224197387695,0.4845774173736572,0.5387144088745117,0.7029809951782227,,,,,,,0.0,1.919147027772644,,,,,,,,0.0021143360525307437,0.0005762297908000147,,,,,,,,0.0,1.0320069272109527,,,,,,,,0.07462565418324192,0.0697918128863907,
154,6179,1.4332935810089111,0.7477476596832275,0.6064605712890625,1.8990180492401123,0.6499660015106201,0.6185953617095947,0.4394266605377197,0.4065110683441162,0.6721296310424805,,,,,,,-0.022771774718790817,1.9175629159095515,,,,,,,,0.002402097507804074,0.00011368844156606378,,,,,,,,0.3418151290614787,0.9618374283112415,,,,,,,,0.2120134132084206,0.12472000337867317,
155,4582,1.8827364444732666,0.6181423664093018,0.6492593288421631,1.8869006633758545,0.6186184883117676,0.626835823059082,2.137331485748291,0.21854925155639648,0.6748425960540771,17.374894146710815,0.5262716934619971,0.47073743967312687,,,,,0.5405587771089313,,0.00042480128931922866,0.00029540710009623634,0.0003142420388973423,,,,,0.0003491292562416885,,8.8221548779798,0.35178530854461565,0.3207912070239392,,,,,0.35322691261381056,,0.15910439514551125,0.03553097374050628,0.032028749671896284,,,,,0.03662520659510895,
156,5817,1.449563980102539,0.6048705577850342,0.5928664207458496,2.130713939666748,0.6767933368682861,0.7983849048614502,0.7952206134796143,0.3640172481536865,0.715285062789917,,,,,,,0.0,1.8586500123809087,,,,,,,,0.002309100182369418,0.0006561313464538504,,,,,,,,0.0,0.927363433701612,,,,,,,,0.12786659629441707,0.10235531537928887,
157,9728,0.3620891571044922,0.21049928665161133,0.21281218528747559,1.9184088706970215,0.684887170791626,0.6447079181671143,0.4223439693450928,0.2156848907470703,0.6552472114562988,18.16068398938818,0.486476856349251,0.36774436987515313,,,,0.0,1.877774913202201,,0.0005654348420142688,0.0002839271506957684,0.0002571968498013234,,,,0.0022808135903203525,0.00040852593501308396,,9.153370265448155,0.30314415876934286,0.23644782888880728,,,,0.0,0.9763092761572572,,0.20647877212809118,0.031349013333151564,0.024818465779329797,,,,0.11293331057913363,0.06798439606239481,
158,9122,1.4876060485839844,0.5880758762359619,0.5702731609344482,1.8967077732086182,0.6593034267425537,0.6167984008789062,0.4465053081512451,0.5088388919830322,1.236562728881836,,,,,,,0.0,2.14833517202583,,,,,,,,0.0024326373251719567,0.00029592329140146846,,,,,,,,0.0,1.1618936724811686,,,,,,,,0.15087054429614985,0.09700660214184409,
159,7488,1.511810302734375,0.6075501441955566,0.5993072986602783,1.9382798671722412,0.644568920135498,0.6419196128845215,0.47377967834472656,0.5114827156066895,0.6552596092224121,,,,,,,0.0,1.303603567515493,,,,,,,,0.002220067386568081,0.00015908980749324114,,,,,,,,0.0,0.7674985973288655,,,,,,,,0.09281198754011408,0.05063062530580774,
160,8071,0.7321372032165527,0.26814866065979004,0.3058183193206787,0.5671401023864746,0.20711064338684082,0.2588388919830322,0.4586927890777588,0.2595400810241699,0.6807513236999512,1.1872034424942461,0.14126348557645269,0.13254001939846988,1.644348335272075,0.15747715964413486,0.15663895265627742,0.0,1.4650028393798984,,0.00044051060184284934,0.0002054003539193727,0.0001957840725551031,0.00011965620232785245,0.00012561802844806457,0.00012311142108099017,0.0023390701835777424,0.0006015421197048079,,0.5908062880981543,0.08368299969918624,0.0786055459957462,0.9071151994359233,0.09734546958911862,0.09695684881701669,0.0,0.6753233404700334,,0.08441141869077057,0.013698472835580143,0.012976908873221626,0.059732512387554094,0.012194828854776298,0.012522431912695914,0.15126574159075395,0.0641992651487486,
161,3512,1.9001648426055908,0.8334438800811768,0.5922777652740479,1.9978318214416504,0.762470006942749,0.7837235927581787,0.45024538040161133,0.2803013324737549,0.6649913787841797,,,,,,,0.0,1.2136660464902094,,,,,,,,0.0023189345607135025,0.0001257239010288162,,,,,,,,0.0,0.7046343395533882,,,,,,,,0.12781143830081051,0.06202045237887213,
162,2587,0.4609060287475586,0.303607702255249,0.3312869071960449,2.634666681289673,0.8486416339874268,0.785813570022583,0.4620859622955322,0.38036537170410156,0.6657180786132812,11.756445236732834,1.0792563913093702,0.6904518884405356,11.56319934497954,1.184988799760981,1.0315051255864731,0.0,1.2398751576641516,,0.0005704751227667462,0.0004990882516396052,0.00047494300073217877,0.00034555902280103423,0.0003334022794266312,0.00035037362944272875,0.002199342495980209,0.0004000436252793116,,5.9290303002742615,0.5543046965553542,0.37463107374648746,5.858128891701054,0.6603532944170759,0.5678808011760574,0.0,0.6927595389824412,,0.1819382797360294,0.04955623809449208,0.036394310337171255,0.161385933791975,0.05395390921664769,0.04846872563963539,0.10174809139342013,0.07199087098771598,
163,5510,1.9488906860351562,0.6259820461273193,0.5727126598358154,2.0252740383148193,0.6306016445159912,0.6153192520141602,0.4208383560180664,0.40262746810913086,0.7936146259307861,,,,,,,0.0,1.3055480295282351,,,,,,,,0.0023929939744240306,7.717143218017595e-05,,,,,,,,0.0,0.7530986180843078,,,,,,,,0.15192590761794914,0.07613897574843279,
164,3434,1.5169813632965088,0.6313614845275879,0.6150200366973877,2.1873531341552734,0.6698000431060791,0.6572980880737305,0.47316789627075195,0.9288194179534912,0.6884851455688477,,,,,,,0.0,0.607679361340594,,,,,,,,0.001992124852372494,0.0009010145398612137,,,,,,,,0.0,0.21136720491426933,,,,,,,,0.06079221884832364,0.039506088875106524,
165,433,1.4616901874542236,0.6292870044708252,0.605050802230835,1.9287786483764648,0.6558992862701416,0.6490821838378906,0.43880224227905273,0.6065378189086914,0.6848251819610596,,,,,,,-0.01151438344532552,2.2213378300597046,,,,,,,,0.0018843412904554436,0.0006016624823243761,,,,,,,,0.038659404182401984,1.1882363278943828,,,,,,,,0.11848356989854765,0.08295033558555125,
167,9076,1.6360418796539307,0.6105132102966309,0.6728320121765137,2.002537250518799,0.6536386013031006,0.649329423904419,0.522040605545044,0.29480934143066406,0.6935734748840332,,,,,,,-0.03377624664614458,0.7762019738225675,,,,,,,,0.002397609275111425,0.0003222763867834965,,,,,,,,0.2643825735418229,0.450704363682317,,,,,,,,0.1957945727310532,0.07869353500725566,
170,9319,1.8193585872650146,0.4784970283508301,0.5304782390594482,1.8728139400482178,0.6369917392730713,0.6326289176940918,0.4155001640319824,0.28160953521728516,0.646479606628418,17.60812090414348,0.3800504235242782,0.2975416898268093,,,,0.0,0.44801583215819674,,0.0008230439516460037,0.000149139271850811,0.0001205600694274102,,,,0.002171659342301652,0.00034813517820451046,,8.802168314263552,0.2622063043148083,0.2090136291930973,,,,0.0,0.24479208005919384,,0.16100016490695848,0.015437939387242937,0.013608211388055257,,,,0.0817846942698648,0.02774048109692964,
172,2934,1.9713490009307861,0.8846454620361328,0.5830471515655518,1.8452775478363037,0.6262814998626709,0.614861011505127,0.42393064498901367,0.41445159912109375,0.642113208770752,2.1709553213821713,0.5530927295366491,,,,,0.0,1.2105117684093507,,0.00040142738048328647,0.00011639076181694381,,,,,0.002252529356684003,0.00012239846259857752,,1.270676186455295,0.39869132810074387,,,,,0.0,0.7176552065768141,,0.037388744116602854,0.01827407065735527,,,,,0.10367555556539684,0.05098493611417447,
173,2017,1.7973878383636475,0.5820534229278564,0.5715160369873047,1.851994514465332,0.7498779296875,0.6257939338684082,0.4352238178253174,0.8524494171142578,0.6450936794281006,,,,,,,0.0,5.373661245646007,,,,,,,,0.00211078162717875,0.0005530064449576172,,,,,,,,0.0,2.6925182216006087,,,,,,,,0.07604076924887603,0.11067048554834606,
174,72,0.294144868850708,0.13651013374328613,0.12981963157653809,1.8824794292449951,0.6264054775238037,0.6094357967376709,2.000492572784424,0.6587564945220947,0.8166384696960449,0.9571551315102774,0.4454385869907309,0.41667500500092763,,,,,,,0.00037053965565550143,0.0001308290387098237,0.00014613727438511038,,,,,,,0.5348496498396449,0.3207727774671357,0.3013534228653634,,,,,,,0.07727138494793602,0.032990290117053706,0.03245684383175257,,,,,,
175,4042,1.4026148319244385,0.587571382522583,0.5817933082580566,1.8670215606689453,0.6256399154663086,0.6258621215820312,0.4265134334564209,0.4065072536468506,0.6429493427276611,,,,,,,0.0,1.8863383726364984,,,,,,,,0.0023310958894282954,0.000835383749380561,,,,,,,,0.0,0.9099645878639687,,,,,,,,0.14247051761881221,0.11242078341756616,
176,9778,1.5261900424957275,0.6053688526153564,0.5928182601928711,1.838892936706543,0.6398890018463135,0.623283863067627,0.4416074752807617,1.1767265796661377,0.6591002941131592,,,,,,,-0.02010535114260806,3.964886814713963,,,,,,,,0.0023635770745786154,5.4084646232815984e-05,,,,,,,,0.39594442027393323,2.1580685743136936,,,,,,,,0.15708563817683938,0.12790843012993144,
177,7720,0.6964013576507568,0.36806631088256836,0.4616081714630127,1.8427557945251465,0.6343405246734619,0.6218843460083008,2.0023367404937744,0.649066686630249,0.6378090381622314,3.7434211299834668,0.3931000581099582,0.4161911826339655,,,,,,,0.0005616892997103349,0.00016345244310911387,0.00015720129388561543,,,,,,,1.9630355375906705,0.23056409928503588,0.24442748718207755,,,,,,,0.19835837433815048,0.020144822170939686,0.020785560658866057,,,,,,
178,7129,1.3874847888946533,0.5872352123260498,0.574033260345459,1.9766638278961182,1.0863094329833984,0.6538126468658447,0.43706274032592773,0.2805466651916504,0.6597251892089844,,,,,,,0.0,1.6809177916816895,,,,,,,,0.002342636245025954,0.00022715758647029826,,,,,,,,0.0,1.0371041025955914,,,,,,,,0.1462234893957583,0.07977107792949228,
180,6696,1.4215898513793945,0.5908865928649902,0.7795395851135254,2.1162703037261963,0.6354179382324219,0.6241137981414795,0.41478395462036133,0.2804453372955322,0.6789953708648682,,,,,,,0.0,2.403739433141894,,,,,,,,0.002170909414417736,0.0005256965369256249,,,,,,,,0.0,1.2217383882144262,,,,,,,,0.08138129761708605,0.07354915654437906,
181,3160,0.30924296379089355,0.146636962890625,0.1333777904510498,0.39726853370666504,0.14845871925354004,0.26351451873779297,0.4259641170501709,0.15765643119812012,0.6539676189422607,0.3197123831845736,0.2709748654508266,0.24630879470432943,3.3128699555321672,0.29898205760396956,0.3560590951763476,0.0,0.3432069517233472,,0.0008671673412810105,0.0002252361130556534,0.0002422579836660159,0.000867981797878203,0.00011172461547379883,0.00024246076496089628,0.0021508263401360727,0.00020285429227299723,,0.21840875132841486,0.18986582883128833,0.17090156898619988,1.6765367031336194,0.22910917203342712,0.268767882071122,0.0,0.18945872908709083,,0.14854229805622862,0.013127762443256051,0.01210413341835181,0.1402637658492016,0.013179568860387507,0.014871627757961957,0.07759892192170986,0.014611664704308427,
182,8176,1.39009690284729,0.5904068946838379,0.5793240070343018,1.8238534927368164,0.6231176853179932,0.6140718460083008,0.42095422744750977,0.43885302543640137,1.011866807937622,,,,,,,0.0,2.5762024803904264,,,,,,,,0.002268574115311771,0.001055079674562175,,,,,,,,0.0,1.2338282790195816,,,,,,,,0.10816232375303063,0.14185462512637434,
183,5440,1.1107938289642334,0.5322227478027344,0.5136921405792236,1.8627758026123047,0.7611441612243652,0.639714241027832,0.42348670959472656,0.2852320671081543,0.6480724811553955,0.12204246957618158,0.2503463339540032,0.23755919894247854,,,,0.0,3.1032174031131823,,0.000789003551281865,0.0002076771998873046,0.00020954161340154927,,,,0.002240083949906986,0.0007147254891558744,,0.06255651032071752,0.12540912283002775,0.11864618139319959,,,,0.0,1.510654640113172,,0.18062181735439276,0.014853666562228862,0.014120079071948375,,,,0.10061481455327227,0.09583343023845083,
184,4738,1.408245325088501,0.5881690979003906,0.6949958801269531,1.2965590953826904,0.26497960090637207,0.39803576469421387,0.42380690574645996,0.21529674530029297,0.6567151546478271,0.7546255697064301,0.7483590550506252,0.7000013407881812,1.712877620068983,0.29692272468926506,0.2977715167910716,0.0,0.6804890060818226,,0.000346155678698763,7.203522017300389e-05,7.19007053016515e-05,0.0006288433846367893,0.00012496842189114126,0.00013453402098028314,0.002275707015160231,0.0006220584230553659,,0.3697862296972584,0.37650984770013174,0.3544272862171563,0.8558076411902573,0.13662399775269846,0.13619269889206723,0.0,0.2876567391423254,,0.04900547710682185,0.03630322989629666,0.034678962976273875,0.1005824129943104,0.021455367461596795,0.021357663901408412,0.1154837425166145,0.04704204399082062,
185,7372,1.637923002243042,0.5867910385131836,0.5759994983673096,1.8506226539611816,0.6225087642669678,0.7371785640716553,0.42565202713012695,0.34952282905578613,0.6620898246765137,,,,,,,0.0,4.72137669207747,,,,,,,,0.002364032495701225,0.00030143436392078186,,,,,,,,0.0,2.422693225685035,,,,,,,,0.15460040879096737,0.10121024939170477,
187,3042,1.5350823402404785,0.5982372760772705,0.5848886966705322,1.8767991065979004,0.623098611831665,0.626624345779419,0.42673659324645996,0.2147674560546875,0.6426622867584229,6.3812928204965305,,,,,,0.0,8.916528596848114,,0.0003028797314656162,,,,,,0.002326937157120923,0.0004101631812815116,,3.369776946531269,,,,,,0.0,4.7434255502933835,,0.1045866425796953,,,,,,0.13865952094149087,0.11879783076951082,
189,6739,0.7368254661560059,0.31036949157714844,0.36533570289611816,1.8694210052490234,0.6329584121704102,0.632277250289917,2.0052084922790527,0.681997537612915,0.6477327346801758,0.9866842851165305,0.28482742077757356,0.2992518131725077,,,,,,,0.00039043905409805743,0.0003411426383645028,0.00034989120275701285,,,,,,,0.4711806520214651,0.1094430410783527,0.11603473426572522,,,,,,,0.08964547922645563,0.03368101215020254,0.03603930811010426,,,,,,
192,6789,1.4425885677337646,0.6102948188781738,0.5944771766662598,2.0150654315948486,0.7461087703704834,0.7067904472351074,0.4805734157562256,0.4962117671966553,0.7486860752105713,,,,,,,0.0,1.6757348499297773,,,,,,,,0.0021402327749747998,0.0006556434107114997,,,,,,,,0.0,0.8422253430991145,,,,,,,,0.0811556779574575,0.06954043574884815,
193,9090,1.5417115688323975,0.6980068683624268,0.5854718685150146,1.9930567741394043,0.6645152568817139,0.6646041870117188,0.5109767913818359,0.9138662815093994,0.6642775535583496,,,,,,,0.0,1.7915009468534135,,,,,,,,0.0021995335530468297,0.0011101894191552903,,,,,,,,0.0,0.8096167844386676,,,,,,,,0.0943084684854334,0.10744476656813802,
194,7944,1.6533844470977783,1.0428130626678467,0.6745615005493164,2.1466612815856934,0.6680068969726562,0.6868112087249756,0.4961202144622803,0.2509758472442627,0.6976990699768066,,,,,,,0.0,0.3206881441079786,,,,,,,,0.002249187555936722,0.000516600487858223,,,,,,,,0.0,0.09130045953558978,,,,,,,,0.11257385307064004,0.02924037248188366,
195,8995,1.6399750709533691,0.5980052947998047,0.5971486568450928,2.1767191886901855,0.7020645141601562,0.6574544906616211,0.4560375213623047,0.6016216278076172,0.9745690822601318,,,,,,,0.0,2.8204578046549496,,,,,,,,0.0021327092737483235,0.0004900931523293986,,,,,,,,0.0,1.4931564657394139,,,,,,,,0.07834318666086312,0.06323294137202805,
196,4191,1.4556725025177002,0.5930078029632568,0.583411455154419,1.8665187358856201,0.7478935718536377,0.6400411128997803,0.44216203689575195,0.8750972747802734,0.6472663879394531,,,,,,,0.0,4.270165817194256,,,,,,,,0.0019071129387642416,0.0012714381152102944,,,,,,,,0.0,2.0537508371698965,,,,,,,,0.05550120048019208,0.09827793387144988,
197,3439,1.4996693134307861,0.6514434814453125,0.5988171100616455,2.0115292072296143,0.6438772678375244,1.0151221752166748,0.5130665302276611,0.2988753318786621,0.7398180961608887,,,,,,,0.0,1.1701765160229753,,,,,,,,0.0023751981315695155,0.00010252363470233102,,,,,,,,0.0,0.6441800390076061,,,,,,,,0.17619657666988364,0.07770122994915821,
198,1558,0.6708064079284668,0.28247499465942383,0.2541341781616211,2.0122289657592773,0.6566193103790283,0.6643896102905273,0.45605039596557617,0.22540831565856934,0.6742813587188721,0.540460890149842,0.16287835745224746,0.15211388587091307,,,,0.0,0.399929570553916,,0.0007502061440836853,0.00011926027011617288,0.00011779113412449719,,,,0.0023764478954544583,0.00015375123540062858,,0.5920149208021332,0.0877460446637009,0.08275248362646458,,,,0.0,0.23168377077019564,,0.16089038055163943,0.018407837698673185,0.01683534387887265,,,,0.17550628094375006,0.04132724161787386,
199,6675,1.590047836303711,0.7498595714569092,0.6631515026092529,2.0252556800842285,0.6688599586486816,1.139784336090088,0.5067477226257324,0.8937814235687256,1.3308424949645996,,,,,,,-0.0034546756665252785,7.276349610550414,1.0102627674564253,,,,,,,0.0023550609708034866,0.0002752038317922348,0.0004745627621781436,,,,,,,0.24670139711424366,3.752847645975099,0.5448566574198858,,,,,,,0.15410236643677078,0.17414004092172927,0.09903429191669862
