index,index_in_dataset,t_fgsm,t_dlfuzz,kl_fgsm,kl_dlfuzz,ws_fgsm,ws_dlfuzz,js_fgsm,js_dlfuzz,mse_fgsm,mse_dlfuzz
0,8374,1.045339822769165,0.8444361686706543,0.27510836045346443,0.5476023567100742,0.0005931531546146565,0.0010633972498918435,0.04279867352885994,0.1277111628191111,0.013654088589495357,0.03393296997090927
0,8374,1.045339822769165,0.8444361686706543,0.27510836045346443,0.5476023567100742,0.0005931531546146565,0.0010633972498918435,0.04279867352885994,0.1277111628191111,0.013654088589495357,0.03393296997090927
1,6935,0.019295454025268555,1.4545950889587402,,0.7181784853498501,,0.0012875484499298082,,0.18819648916866247,,0.05034110380634029
2,5103,0.006830930709838867,0.7729253768920898,0.40583453943625014,,0.0008369126495723465,,0.08648215947739912,,0.013486141950857228,
3,8963,0.006734609603881836,0.7392711639404297,,0.6936711169252273,,0.0012430664636488274,,0.1903294433571699,,0.02976596653255181
4,4993,0.005255222320556641,0.7366864681243896,,1.2877110154466178,,0.0018157488013877648,,0.47509154977703383,,0.05906410575765074
5,9069,0.0061261653900146484,0.7549149990081787,0.37092077253404754,0.6545823228757818,0.0007834319398301198,0.0012128702848006273,0.07042072495567453,0.16931373636441754,0.014183978305955261,0.030548348417429802
5,9069,0.0061261653900146484,0.7549149990081787,0.37092077253404754,0.6545823228757818,0.0007834319398301198,0.0012128702848006273,0.07042072495567453,0.16931373636441754,0.014183978305955261,0.030548348417429802
6,3924,0.006090402603149414,0.759716272354126,,0.9524149017803005,,0.001527975539165072,,0.3130086153624164,,0.03821074291034984
7,399,0.005907535552978516,0.7499287128448486,0.45740124561371104,0.9013245013075356,0.0009150427016651735,0.0014929698534934263,0.09128762644703364,0.27328884508502443,0.01366922116804976,0.043666620119622426
7,399,0.005907535552978516,0.7499287128448486,0.45740124561371104,0.9013245013075356,0.0009150427016651735,0.0014929698534934263,0.09128762644703364,0.27328884508502443,0.01366922116804976,0.043666620119622426
8,6863,0.0059010982513427734,0.7345747947692871,,0.8961759704040779,,0.001485077824404275,,0.2812209096927855,,0.032934606838267495
9,7440,0.006058692932128906,0.7459602355957031,,0.7244263554478381,,0.0012849411500966653,,0.20113125805902157,,0.024139670679870752
10,9534,0.0055849552154541016,0.7649128437042236,0.490049107766455,0.7193158463836776,0.0009632761138756967,0.0012913747765089653,0.10256350050889021,0.1941498198027231,0.014310320888842794,0.023559940438603228
10,9534,0.0055849552154541016,0.7649128437042236,0.490049107766455,0.7193158463836776,0.0009632761138756967,0.0012913747765089653,0.10256350050889021,0.1941498198027231,0.014310320888842794,0.023559940438603228
11,5845,0.005482912063598633,0.7441048622131348,0.44930540524449575,,0.0009042090147598315,,0.09220356135908508,,0.014358573697619214,
13,7005,0.005333662033081055,0.7387433052062988,,1.341188301888364,,0.001862935205074477,,0.4999076906664148,,0.03628371165644423
14,7296,0.006101846694946289,0.7390275001525879,0.5246301364802907,0.9190595884577453,0.0010169909544466703,0.0015130872127446077,0.11571527970139728,0.2868675925562646,0.015344284445610347,0.04304581637073016
14,7296,0.006101846694946289,0.7390275001525879,0.5246301364802907,0.9190595884577453,0.0010169909544466703,0.0015130872127446077,0.11571527970139728,0.2868675925562646,0.015344284445610347,0.04304581637073016
15,5587,0.005295753479003906,0.7097434997558594,,0.9183207371316506,,0.0015114227367608096,,0.2939264969252323,,0.04344556490595225
16,416,0.005373954772949219,0.7426567077636719,,1.3370063741262368,,0.001859489239357687,,0.49626737043824865,,0.04864503029256382
17,5837,0.005566835403442383,0.739816427230835,0.5323712425489157,0.9206075231106204,0.0010335678854312478,0.001515930523573055,0.11499902521608421,0.28140626046685113,0.013500762594335497,0.033745772400443214
17,5837,0.005566835403442383,0.739816427230835,0.5323712425489157,0.9206075231106204,0.0010335678854312478,0.001515930523573055,0.11499902521608421,0.28140626046685113,0.013500762594335497,0.033745772400443214
19,9965,0.0051004886627197266,0.7364382743835449,,0.8965845551786922,,0.0014789461312789067,,0.28812176481452545,,0.02889659531922801
20,9462,0.0055119991302490234,0.7341699600219727,,0.769268953376182,,0.0013425373941456946,,0.22312486881862637,,0.03155407062261252
22,1642,0.0052337646484375,0.7487244606018066,0.47082604951901297,0.7025963083853961,0.0009327307111882228,0.0012676885489977556,0.11129309146389102,0.20138831340702057,0.013829429783849784,0.021046000101113654
22,1642,0.0052337646484375,0.7487244606018066,0.47082604951901297,0.7025963083853961,0.0009327307111882228,0.0012676885489977556,0.11129309146389102,0.20138831340702057,0.013829429783849784,0.021046000101113654
26,8622,0.005633115768432617,0.7336430549621582,,0.709407660098569,,0.0012570297039096036,,0.1913384509011674,,0.02485996210132858
27,7541,0.00617218017578125,0.7457718849182129,0.6568218710580401,0.963681854350893,0.0011951493716154758,0.0015308181430271765,0.167698252878,0.3091478086682779,0.013703901043014239,0.02327832149681521
27,7541,0.00617218017578125,0.7457718849182129,0.6568218710580401,0.963681854350893,0.0011951493716154758,0.0015308181430271765,0.167698252878,0.3091478086682779,0.013703901043014239,0.02327832149681521
28,3478,0.0053174495697021484,0.7355499267578125,,0.8285005699163352,,0.001410535337968862,,0.2447196974966754,,0.030322970208947836
30,1042,0.005660533905029297,0.737877607345581,0.39231727408379674,0.7057870113277903,0.0008152956837559901,0.001277482412002207,0.07939045795446109,0.19632482903072845,0.0153044319508928,0.03538733001617804
30,1042,0.005660533905029297,0.737877607345581,0.39231727408379674,0.7057870113277903,0.0008152956837559901,0.001277482412002207,0.07939045795446109,0.19632482903072845,0.0153044319508928,0.03538733001617804
31,9323,0.006020545959472656,0.7315659523010254,,1.0455293994754142,,0.0016195850078941617,,0.34766160600532187,,0.04647117269371872
32,1002,0.00543975830078125,0.7459008693695068,,0.7114498996848607,,0.001281744343332501,,0.19150825512308334,,0.026050385812715682
34,4285,0.006409168243408203,0.7452809810638428,,0.5772435930318838,,0.0011068483195838627,,0.14445135927906072,,0.028837390893520543
35,1229,0.0064525604248046875,1.459045648574829,0.49009027522829696,,0.0009634387842385665,,0.1093517749490312,,0.0133703345810856,
37,4144,0.0056078433990478516,0.8488953113555908,0.6988723924882024,,0.0012600106127554956,,0.1872910600060815,,0.01490255402667846,
38,7307,0.0055277347564697266,0.785170316696167,0.6869652583128618,,0.0012470497404687678,,0.18341839804588156,,0.015766882852620186,
39,4096,0.0055692195892333984,0.7570393085479736,,0.9717378609901741,,0.0015467678149995298,,0.3077607028740764,,0.02916142534339102
40,5947,0.0060198307037353516,0.7576406002044678,0.29409063543181724,,0.0006396121298780167,,0.047144872656820325,,0.013846655018827262,
41,4873,0.0062103271484375,0.7699017524719238,0.49647042577833367,,0.0009691355168043665,,0.11184584586379881,,0.013639394754736321,
42,9865,0.006330013275146484,0.75553297996521,0.3929532092416466,,0.0008041716580770386,,0.07477901221948967,,0.014609681065759118,
45,1157,0.006741046905517578,0.7570798397064209,0.5909262980675989,0.883342596524251,0.0011066938006059047,0.0014659266502625135,0.14393550081331316,0.27193392131166133,0.015159282412641322,0.031432170369592664
45,1157,0.006741046905517578,0.7570798397064209,0.5909262980675989,0.883342596524251,0.0011066938006059047,0.0014659266502625135,0.14393550081331316,0.27193392131166133,0.015159282412641322,0.031432170369592664
47,9714,0.006230831146240234,0.7636227607727051,0.358985337457435,,0.0007565088998055787,,0.07523395310182165,,0.014471347777279769,
48,2559,0.006392240524291992,0.7491278648376465,0.47813571009586475,0.8853431775030607,0.0009380900379184476,0.0014647317152312854,0.10449504006584653,0.2720155793531235,0.013258821831743591,0.036597218929744844
48,2559,0.006392240524291992,0.7491278648376465,0.47813571009586475,0.8853431775030607,0.0009380900379184476,0.0014647317152312854,0.10449504006584653,0.2720155793531235,0.013258821831743591,0.036597218929744844
49,835,0.005606174468994141,0.7439274787902832,0.9480999907208159,1.644652978570548,0.0015440330602405179,0.002031174082122662,0.2930264671363741,0.6652041583005304,0.016989796424702726,0.050910172988279406
49,835,0.005606174468994141,0.7439274787902832,0.9480999907208159,1.644652978570548,0.0015440330602405179,0.002031174082122662,0.2930264671363741,0.6652041583005304,0.016989796424702726,0.050910172988279406
50,5186,0.0059816837310791016,0.7463042736053467,,1.4068961607984232,,0.0019019185841084633,,0.5401679728266634,,0.04760438895447421
51,6807,0.006117343902587891,0.7285926342010498,0.48491786545780435,0.8513001056075544,0.0009568885972582999,0.0014342410030343496,0.0999878100097662,0.24957557823902393,0.013989032234686078,0.032117171132823086
51,6807,0.006117343902587891,0.7285926342010498,0.48491786545780435,0.8513001056075544,0.0009568885972582999,0.0014342410030343496,0.0999878100097662,0.24957557823902393,0.013989032234686078,0.032117171132823086
52,4819,0.005672454833984375,1.4978375434875488,,0.9067470998440498,,0.0014972631336646293,,0.28566066760065945,,0.03818263207230857
53,7341,0.005444765090942383,0.7496156692504883,,0.8549224405564895,,0.0014405746477015315,,0.25896063921385987,,0.043044018917975796
55,3867,0.005246400833129883,0.7506308555603027,,0.7083834293847812,,0.0012751319525138105,,0.19635639277534989,,0.0323034528089079
56,3974,0.007212162017822266,0.7593095302581787,1.1894419507776228,,0.00175749919311281,,0.416094629963868,,0.01867346994426786,
58,3384,0.005524635314941406,0.7644598484039307,0.5896725499130933,0.6134528113339476,0.0011130063864776157,0.0011623464813939287,0.1425046020730771,0.1499612519167839,0.014500943862893705,0.009414481441744713
58,3384,0.005524635314941406,0.7644598484039307,0.5896725499130933,0.6134528113339476,0.0011130063864776157,0.0011623464813939287,0.1425046020730771,0.1499612519167839,0.014500943862893705,0.009414481441744713
59,5555,0.005866527557373047,0.7434425354003906,,0.5952087077507646,,0.001126535447424998,,0.13782397911851352,,0.032931452222667947
60,9721,0.005409717559814453,0.7654790878295898,0.5416090828350746,,0.0010433311290762458,,0.12278477273616525,,0.014176703713165234,
62,1956,0.005398750305175781,0.759577751159668,0.42696730640085834,0.5095643010598921,0.0008643269886664464,0.0010133537549425575,0.08948725181809705,0.1129430177035897,0.013814660193959244,0.011648918215399862
62,1956,0.005398750305175781,0.759577751159668,0.42696730640085834,0.5095643010598921,0.0008643269886664464,0.0010133537549425575,0.08948725181809705,0.1129430177035897,0.013814660193959244,0.011648918215399862
63,254,0.005721569061279297,0.7639565467834473,,1.142048694401296,,0.0017024273520360562,,0.3949581589789378,,0.03918119957139067
64,9712,0.005848407745361328,0.777184009552002,0.4035940584843927,0.797476761039984,0.0008311561476799197,0.00138563718169299,0.08032122724830001,0.23761608236147597,0.013860689843155702,0.040860188838890706
64,9712,0.005848407745361328,0.777184009552002,0.4035940584843927,0.797476761039984,0.0008311561476799197,0.00138563718169299,0.08032122724830001,0.23761608236147597,0.013860689843155702,0.040860188838890706
65,1706,0.005876302719116211,0.7378361225128174,0.5503647285332015,,0.001062943550274172,,0.12975276551843512,,0.01461234873088432,
66,6952,0.005808830261230469,0.7322862148284912,,0.9019977456001893,,0.0014889502186077271,,0.2840149298649346,,0.04071546496233052
71,1991,0.00612187385559082,0.7548675537109375,,1.0726152712783605,,0.001644350954631529,,0.36891160815648977,,0.07407500186209647
73,3172,0.005265712738037109,0.7621407508850098,0.4368758769225429,0.7570727793757128,0.0008834057088382358,0.0013417941612269726,0.09123323125245708,0.2212732597981693,0.014023651443208841,0.03193123880190333
73,3172,0.005265712738037109,0.7621407508850098,0.4368758769225429,0.7570727793757128,0.0008834057088382358,0.0013417941612269726,0.09123323125245708,0.2212732597981693,0.014023651443208841,0.03193123880190333
75,6470,0.005486011505126953,0.7727906703948975,0.30565938461718367,,0.0006575931320000577,,0.05088253278184246,,0.01386459138771988,
78,2402,0.00515437126159668,0.7458055019378662,0.5603385639633001,0.8909088599214441,0.0010635869477224225,0.0014759378837776158,0.129797343566848,0.2724076938618947,0.013898580824042443,0.03059619602189284
78,2402,0.00515437126159668,0.7458055019378662,0.5603385639633001,0.8909088599214441,0.0010635869477224225,0.0014759378837776158,0.129797343566848,0.2724076938618947,0.013898580824042443,0.03059619602189284
80,9952,0.005447864532470703,0.7380800247192383,,0.6312629903825586,,0.0011758580691243537,,0.1643318614220739,,0.041256622873891036
84,6623,0.0067217350006103516,0.755699634552002,0.9818606118254576,1.4167140238129856,0.0015643004914690528,0.001898100668152171,0.3156048450011531,0.5413383245809831,0.013626845918641056,0.028894984166408438
84,6623,0.0067217350006103516,0.755699634552002,0.9818606118254576,1.4167140238129856,0.0015643004914690528,0.001898100668152171,0.3156048450011531,0.5413383245809831,0.013626845918641056,0.028894984166408438
87,6725,0.005521059036254883,0.747727632522583,0.49888666657253017,0.7718831352677613,0.0009807702295637974,0.0013486238037782024,0.10922627721870806,0.21777592022141468,0.014204357394377556,0.02420800763449571
87,6725,0.005521059036254883,0.747727632522583,0.49888666657253017,0.7718831352677613,0.0009807702295637974,0.0013486238037782024,0.10922627721870806,0.21777592022141468,0.014204357394377556,0.02420800763449571
89,6825,0.0053174495697021484,0.7468314170837402,,1.0123497568549784,,0.0015947646229805556,,0.3321933986562057,,0.041220806025436436
90,7404,0.005916595458984375,0.7564241886138916,,0.8445452986265423,,0.0014280387994503514,,0.24590110259838074,,0.02668473708914954
91,1188,0.0057299137115478516,0.7533664703369141,,0.8263869166177609,,0.0013929755575752484,,0.24392114211860372,,0.03694742519367415
92,653,0.0055713653564453125,0.7536988258361816,,0.9210185526048,,0.001507857190394331,,0.28627869802159084,,0.03950244642138962
93,8100,0.006620168685913086,0.765770435333252,0.5403822449866942,1.0547445884955124,0.0010515066525392928,0.0016477603560175267,0.11690326828829639,0.34651423489170596,0.014246690860088253,0.043292772885143674
93,8100,0.006620168685913086,0.765770435333252,0.5403822449866942,1.0547445884955124,0.0010515066525392928,0.0016477603560175267,0.11690326828829639,0.34651423489170596,0.014246690860088253,0.043292772885143674
94,8817,0.005762577056884766,0.760483980178833,,0.9349358351111554,,0.0015253594589397098,,0.29884632941775974,,0.04018847601195956
96,5880,0.006356239318847656,0.7362949848175049,0.9101007873961521,1.5177772040377093,0.001511529745536758,0.001965711652490227,0.27555849896106954,0.5955118645473927,0.014064183062629956,0.03747146152343313
96,5880,0.006356239318847656,0.7362949848175049,0.9101007873961521,1.5177772040377093,0.001511529745536758,0.001965711652490227,0.27555849896106954,0.5955118645473927,0.014064183062629956,0.03747146152343313
98,284,0.005881786346435547,0.7376277446746826,,0.9825542930623945,,0.0015614650104603678,,0.3202708190930117,,0.046015940972897997
102,8366,0.005406379699707031,0.7379825115203857,,0.6493122949424543,,0.0012016500958259497,,0.180008583613479,,0.03840496369654791
103,6146,0.005699634552001953,1.3166227340698242,,0.4488626024832649,,0.0009216568080670876,,0.09882373527747002,,0.022926592362741107
104,2582,0.005606412887573242,0.7561542987823486,0.5122894419418595,0.8225289676894226,0.000989685676183061,0.0014094573765725264,0.11327113460221094,0.2392038889808117,0.01217494707552033,0.020867141615776734
104,2582,0.005606412887573242,0.7561542987823486,0.5122894419418595,0.8225289676894226,0.000989685676183061,0.0014094573765725264,0.11327113460221094,0.2392038889808117,0.01217494707552033,0.020867141615776734
106,7724,0.005531787872314453,0.7368485927581787,,0.6501374530855295,,0.0011989125721408858,,0.1696530307964644,,0.022544426224392754
107,1045,0.006034135818481445,0.7427430152893066,0.45044192397513017,0.8879132263785043,0.0009153759747983266,0.0014925506107638217,0.09207806854604147,0.2701447599648221,0.013161048515196686,0.037664438123146717
107,1045,0.006034135818481445,0.7427430152893066,0.45044192397513017,0.8879132263785043,0.0009153759747983266,0.0014925506107638217,0.09207806854604147,0.2701447599648221,0.013161048515196686,0.037664438123146717
108,5830,0.005883693695068359,0.7494513988494873,0.29997185702604795,0.5488158436937409,0.0006447398367634156,0.0010593351804231044,0.05009332151658262,0.12694970431219593,0.013200283717191136,0.026098952145905546
108,5830,0.005883693695068359,0.7494513988494873,0.29997185702604795,0.5488158436937409,0.0006447398367634156,0.0010593351804231044,0.05009332151658262,0.12694970431219593,0.013200283717191136,0.026098952145905546
109,2737,0.005664825439453125,0.7358813285827637,0.4144225487430029,0.8463588137324027,0.0008534280710440572,0.0014368239047750605,0.08564621594520473,0.2583379908912797,0.011822530213994329,0.03270249284545517
109,2737,0.005664825439453125,0.7358813285827637,0.4144225487430029,0.8463588137324027,0.0008534280710440572,0.0014368239047750605,0.08564621594520473,0.2583379908912797,0.011822530213994329,0.03270249284545517
111,277,0.005353212356567383,0.7421913146972656,,0.7104631877303754,,0.0012747073905005173,,0.18775122030262242,,0.05059347982495492
112,4551,0.0056705474853515625,0.768566370010376,0.6175162234212281,0.7733597373805063,0.0011309229553728066,0.001350879466932684,0.15084219801480975,0.2153863035501637,0.012593547092878922,0.01260002017975418
112,4551,0.0056705474853515625,0.768566370010376,0.6175162234212281,0.7733597373805063,0.0011309229553728066,0.001350879466932684,0.15084219801480975,0.2153863035501637,0.012593547092878922,0.01260002017975418
114,3843,0.006407737731933594,0.7523479461669922,,1.4280131737855286,,0.001896694812954396,,0.5496961933800022,,0.023588544353133355
115,5525,0.0058841705322265625,0.7775416374206543,0.5141209682720205,0.9986957013118578,0.0010042452000957292,0.0015930793623730973,0.11813715314863693,0.3315230820033175,0.014429530340288672,0.05478263236863669
115,5525,0.0058841705322265625,0.7775416374206543,0.5141209682720205,0.9986957013118578,0.0010042452000957292,0.0015930793623730973,0.11813715314863693,0.3315230820033175,0.014429530340288672,0.05478263236863669
116,7302,0.005907773971557617,0.7341358661651611,,0.5201014442491504,,0.0010211789929155776,,0.11580279903661642,,0.017863175892091784
117,3082,0.005734443664550781,0.7455589771270752,,1.0859236859420354,,0.0016594537584266851,,0.37493799588264476,,0.04859254472548681
118,8257,0.0057218074798583984,0.7541882991790771,0.49327280514550287,0.6763084404688182,0.0009731236622082816,0.0012394204129304305,0.10533039925563042,0.17444933946083313,0.014125375614912228,0.018097563180496563
118,8257,0.0057218074798583984,0.7541882991790771,0.49327280514550287,0.6763084404688182,0.0009731236622082816,0.0012394204129304305,0.10533039925563042,0.17444933946083313,0.014125375614912228,0.018097563180496563
119,7083,0.006462812423706055,1.405733346939087,,0.9876048074127426,,0.0015806344070825337,,0.31925581437653483,,0.034592265855600095
123,2661,0.0055696964263916016,0.7389261722564697,,1.4150593101789872,,0.001894410473940925,,0.5475406274626748,,0.03666806212261134
124,534,0.006521940231323242,0.7427961826324463,,0.9091242829730004,,0.001502103911018036,,0.2857473272583765,,0.0493745491671564
126,3008,0.0066759586334228516,0.7440619468688965,,0.9256817399856373,,0.001507508953955318,,0.2930307893947946,,0.0338893092649444
127,9974,0.005357027053833008,0.7468159198760986,0.678031261104471,1.0966095339205526,0.0012226575354542472,0.001668096393204855,0.17933214831344974,0.38054402983514446,0.014187128982738322,0.03556120204763853
127,9974,0.005357027053833008,0.7468159198760986,0.678031261104471,1.0966095339205526,0.0012226575354542472,0.001668096393204855,0.17933214831344974,0.38054402983514446,0.014187128982738322,0.03556120204763853
128,9868,0.005694150924682617,0.7363903522491455,,1.2248209479391963,,0.0017685259301427685,,0.44245297020793295,,0.04317350147782299
129,7856,0.0065975189208984375,0.7477271556854248,0.36262346473567336,0.4682483593305573,0.0007592794225792646,0.0009510710186183327,0.06108397039803193,0.0913417588447405,0.01376745394645391,0.012744081528113372
129,7856,0.0065975189208984375,0.7477271556854248,0.36262346473567336,0.4682483593305573,0.0007592794225792646,0.0009510710186183327,0.06108397039803193,0.0913417588447405,0.01376745394645391,0.012744081528113372
130,117,0.0057621002197265625,0.727914571762085,,0.8944404977503619,,0.0014853095029520077,,0.2747727734349159,,0.045971721936262
132,9607,0.005770206451416016,0.9517638683319092,0.49583753492623006,,0.0009708229645657388,,0.10212773956840665,,0.01247646796229079,
134,1770,0.005720376968383789,0.75661301612854,,1.3347579923730755,,0.0018496359794148369,,0.4958803833572808,,0.06592742334420235
136,9348,0.0062487125396728516,1.377725601196289,,1.3837300063031095,,0.0018913107730385284,,0.5206413529037346,,0.04055326219450318
138,9833,0.005481719970703125,0.7635147571563721,,0.8066777894912782,,0.0013933083704886972,,0.2446337240550474,,0.029782066231784136
139,1315,0.005934476852416992,0.7695889472961426,0.5578632021529057,0.7819256685852289,0.0010655587843810227,0.0013615623024193747,0.1359543622854923,0.22734908662758907,0.01408218060745874,0.020202954323232197
139,1315,0.005934476852416992,0.7695889472961426,0.5578632021529057,0.7819256685852289,0.0010655587843810227,0.0013615623024193747,0.1359543622854923,0.22734908662758907,0.01408218060745874,0.020202954323232197
140,2894,0.005951881408691406,0.7725868225097656,0.34736604719934694,0.5194196423324962,0.0007281299828180298,0.001025097659279025,0.06266958426012592,0.11744217716645103,0.014116243797850678,0.02029481657522121
140,2894,0.005951881408691406,0.7725868225097656,0.34736604719934694,0.5194196423324962,0.0007281299828180298,0.001025097659279025,0.06266958426012592,0.11744217716645103,0.014116243797850678,0.02029481657522121
141,6694,0.005629777908325195,0.765573263168335,0.7400642764101942,,0.0013066947168773892,,0.20661019577336107,,0.01527656744683916,
142,9428,0.007954835891723633,0.7515194416046143,,0.811605268146482,,0.0013750328184623174,,0.2336180764616428,,0.030594223120020025
143,4259,0.0059604644775390625,0.7712860107421875,0.6198338552165189,1.0331528510612211,0.0011476779274020765,0.0016171591027001856,0.15393042492604428,0.34129925013747464,0.012827022270127695,0.02854550154759347
143,4259,0.0059604644775390625,0.7712860107421875,0.6198338552165189,1.0331528510612211,0.0011476779274020765,0.0016171591027001856,0.15393042492604428,0.34129925013747464,0.012827022270127695,0.02854550154759347
144,548,0.005560159683227539,0.751537561416626,,0.8886122256013921,,0.001483009250156082,,0.26991824678336074,,0.03392891144574321
145,7109,0.0058574676513671875,0.7367870807647705,,0.6867512412254335,,0.0012519212577191089,,0.18426340251262724,,0.028045781159403333
146,5061,0.006317138671875,0.7510509490966797,,0.7993257556508228,,0.0013855777555199969,,0.2404859961765563,,0.03225902452376875
147,6647,0.006879329681396484,0.747525691986084,,1.0659435252060558,,0.0016454858009857885,,0.3569931104211552,,0.041027065303900205
149,8066,0.005505084991455078,0.7397723197937012,,0.6663759754098866,,0.0012306879476111328,,0.17538763279344105,,0.023574041235513363
150,4305,0.005991220474243164,0.7442100048065186,,0.7231627349641667,,0.0012902679058421052,,0.20170157175385034,,0.05572913940625606
151,5979,0.005754232406616211,0.8562917709350586,0.5069550385104995,0.7460175708596911,0.0009896000572239268,0.0013237488910093887,0.10930364793318426,0.20283510651034659,0.013447429345383686,0.0197770259016786
151,5979,0.005754232406616211,0.8562917709350586,0.5069550385104995,0.7460175708596911,0.0009896000572239268,0.0013237488910093887,0.10930364793318426,0.20283510651034659,0.013447429345383686,0.0197770259016786
155,4582,0.005921125411987305,0.8859012126922607,,1.0041279799325844,,0.0015909907309522718,,0.3374693333551022,,0.04588948179462665
156,5817,0.00553584098815918,0.8181843757629395,,0.9345031912434945,,0.0015204115857530747,,0.3029204368417472,,0.05415407545000368
157,9728,0.0053179264068603516,0.8098413944244385,0.4762831120472821,0.6550596814224156,0.0009439726713196991,0.001212773485021146,0.10248512212817279,0.16823534503625753,0.013261920020987271,0.01580418002125172
157,9728,0.0053179264068603516,0.8098413944244385,0.4762831120472821,0.6550596814224156,0.0009439726713196991,0.001212773485021146,0.10248512212817279,0.16823534503625753,0.013261920020987271,0.01580418002125172
159,7488,0.007779121398925781,0.7691383361816406,0.6038381896826693,0.9395818420004609,0.0011248096106373662,0.0015191341899511404,0.14821724729408467,0.2980979424928187,0.014031442446010822,0.02979108175871046
159,7488,0.007779121398925781,0.7691383361816406,0.6038381896826693,0.9395818420004609,0.0011248096106373662,0.0015191341899511404,0.14821724729408467,0.2980979424928187,0.014031442446010822,0.02979108175871046
160,8071,0.005601406097412109,0.7960476875305176,0.4200385600103881,0.6467575789225779,0.0008593747596927189,0.001202402363192061,0.08077901232687806,0.1622690307455915,0.014568829052198686,0.024472510325821047
160,8071,0.005601406097412109,0.7960476875305176,0.4200385600103881,0.6467575789225779,0.0008593747596927189,0.001202402363192061,0.08077901232687806,0.1622690307455915,0.014568829052198686,0.024472510325821047
162,2587,0.005350351333618164,0.7748191356658936,0.5559977242323151,0.9543836963017016,0.0010525727014954107,0.0015310637452715015,0.13076633311779778,0.3063303414495707,0.01455797333287478,0.04273506344709927
162,2587,0.005350351333618164,0.7748191356658936,0.5559977242323151,0.9543836963017016,0.0010525727014954107,0.0015310637452715015,0.13076633311779778,0.3063303414495707,0.01455797333287478,0.04273506344709927
163,5510,0.005459785461425781,0.7865896224975586,,0.6379083107736296,,0.0011930342901504691,,0.1614299727350178,,0.03005018686856585
164,3434,0.005675792694091797,0.7971432209014893,0.8359444637672759,,0.0014204948796399063,,0.2408134687789309,,0.012456106427551076,
165,433,0.006987571716308594,0.7857112884521484,,0.844898849503744,,0.0014226930743722879,,0.2589957964754564,,0.02995564068152805
166,1487,0.005411386489868164,0.7837417125701904,,0.7674102258524529,,0.0013426193284890578,,0.2195551154162531,,0.04328311682766112
169,8985,0.006083250045776367,0.8046584129333496,,0.8415081212329291,,0.0014248569972460188,,0.26333611675301477,,0.052063633024684995
170,9319,0.005290985107421875,0.8197870254516602,,1.144855937284602,,0.0017144807912642898,,0.4014944891830573,,0.04172379164329638
172,2934,0.009660720825195312,0.7633607387542725,,1.1205486461578866,,0.001689465930252741,,0.39450469005957706,,0.05617373881030857
175,4042,0.007160663604736328,0.8572030067443848,0.4392702565026968,0.7213842667387056,0.000892721774686927,0.0012906357664743107,0.09457260395496003,0.20687595452489965,0.014954306131779905,0.02971249174489049
175,4042,0.007160663604736328,0.8572030067443848,0.4392702565026968,0.7213842667387056,0.000892721774686927,0.0012906357664743107,0.09457260395496003,0.20687595452489965,0.014954306131779905,0.02971249174489049
177,7720,0.006520986557006836,0.7771649360656738,0.5004083636598271,,0.0009790738207033978,,0.1133080520486239,,0.013305474630409818,
178,7129,0.008631229400634766,0.7591731548309326,,0.7118788620956606,,0.0012626445195237208,,0.1974654248014282,,0.033409336771287254
179,8351,0.006157636642456055,0.7950534820556641,,0.7994985763683355,,0.0013690123925703414,,0.23175124929259688,,0.03494400973220862
180,6696,0.0055081844329833984,0.8243293762207031,,1.189178283550382,,0.001737075372059263,,0.4214688093070964,,0.046159442412820856
181,3160,0.005326032638549805,0.8944730758666992,0.6689651669207632,0.8937476092779749,0.001209370035601097,0.001493133424432066,0.17544026000663118,0.2726688762330381,0.013255243602977635,0.01705298190173664
181,3160,0.005326032638549805,0.8944730758666992,0.6689651669207632,0.8937476092779749,0.001209370035601097,0.001493133424432066,0.17544026000663118,0.2726688762330381,0.013255243602977635,0.01705298190173664
182,8176,0.0056874752044677734,0.7629573345184326,,0.8723775841838455,,0.0014592617392771207,,0.26716586001350695,,0.03330837806261925
183,5440,0.005496978759765625,0.7469184398651123,0.6239265604586872,0.9046098967350948,0.001159150049913837,0.0014966798480262398,0.1495581882444089,0.2736250137998258,0.015371414742704561,0.029238443582146383
183,5440,0.005496978759765625,0.7469184398651123,0.6239265604586872,0.9046098967350948,0.001159150049913837,0.0014966798480262398,0.1495581882444089,0.2736250137998258,0.015371414742704561,0.029238443582146383
184,4738,0.005826473236083984,1.4262194633483887,0.515541827212901,,0.0010137246050375198,,0.11269033790389543,,0.014138089530302432,
187,3042,0.005431413650512695,1.015852689743042,,0.7601065107941336,,0.0013445965026120052,,0.22680647405218143,,0.03519987620717784
189,6739,0.0060274600982666016,0.7755792140960693,0.3739103411570713,,0.0007787231041349572,,0.06432801663457452,,0.01494850155821721,
190,2377,0.005640268325805664,0.7585372924804688,0.4580716818162538,,0.0009175750869365405,,0.0927572481898592,,0.014808776819537118,
191,9734,0.005484580993652344,0.7891032695770264,0.5288438138312108,,0.0010228078887105393,,0.11765702855552104,,0.014848558528415236,
192,6789,0.0052449703216552734,0.7667829990386963,,1.4459695908590648,,0.0019139519109116097,,0.5604392912507341,,0.07429316605493758
194,7944,0.0058896541595458984,0.7675435543060303,,1.0517176651442188,,0.0016471665109877773,,0.3444416791842612,,0.04064676466879148
195,8995,0.0058307647705078125,0.8024144172668457,,1.2999920858774012,,0.0018266189901332964,,0.48282794149882646,,0.0485522620530886
196,4191,0.005506038665771484,0.8108320236206055,,1.6624158341890027,,0.0020371828977287653,,0.6752819281944467,,0.04423396207907295
199,6675,0.0066530704498291016,0.7415366172790527,,0.6619013936071966,,0.0012123293922020996,,0.18004511200690465,,0.0326775578932555
